index,price
0,102.477715
1,155.28015
2,64.72144
3,51.44676
4,189.1216
5,106.18694
6,78.65501
7,134.56587
8,137.1238
9,116.86843
10,149.923
11,65.51394
12,70.95165
13,211.33571
14,111.51467
15,80.76802
16,138.00224
17,134.76006
18,174.55194
19,114.798546
20,171.07234
21,188.08601
22,161.21938
23,122.76761
24,77.833824
25,130.01968
26,98.32762
27,261.2145
28,176.52043
29,101.728676
30,149.72112
31,205.00195
32,160.08693
33,127.18474
34,78.627556
35,127.93996
36,91.96553
37,88.80793
38,393.88913
39,387.79132
40,354.79565
41,152.04022
42,245.64154
43,95.75112
44,190.759
45,96.272255
46,369.44702
47,193.05354
48,379.58963
49,125.91956
50,65.8962
51,96.00453
52,144.79044
53,156.56892
54,106.74925
55,147.5468
56,140.17058
57,136.29123
58,168.2363
59,145.86705
60,196.00003
61,82.14801
62,68.14087
63,130.79597
64,192.91211
65,76.05684
66,154.40793
67,110.820045
68,151.80544
69,147.84773
70,142.12
71,158.89786
72,150.36064
73,202.66501
74,65.41695
75,67.783516
76,132.26665
77,229.05843
78,87.94652
79,150.24605
80,215.51976
81,172.55275
82,255.01302
83,60.435276
84,132.10844
85,129.57677
86,232.78265
87,201.94557
88,106.4259
89,245.81953
90,76.37593
91,107.55387
92,150.39427
93,145.93835
94,144.03152
95,172.56032
96,147.48737
97,220.94345
98,68.5167
99,66.10429
100,139.79338
101,220.25414
102,83.250885
103,159.50143
104,111.674416
105,152.78981
106,146.92595
107,145.64262
108,184.3331
109,150.29362
110,220.32472
111,62.42081
112,64.81827
113,135.9491
114,242.33815
115,80.88155
116,185.5238
117,224.87003
118,153.74245
119,232.42096
120,39.818977
121,132.6472
122,128.32977
123,211.38419
124,231.93428
125,107.7571
126,217.48402
127,76.91684
128,145.06154
129,159.18529
130,81.174194
131,129.99983
132,248.17377
133,327.98264
134,102.70587
135,121.7181
136,189.52974
137,343.0098
138,138.63931
139,69.43084
140,98.64047
141,147.89828
142,69.960945
143,140.73766
144,109.66865
145,151.55823
146,86.86851
147,104.97856
148,76.38489
149,92.73651
150,97.607704
151,156.63016
152,90.16173
153,112.71791
154,175.04514
155,123.075325
156,134.42049
157,85.828705
158,134.24286
159,207.62259
160,174.28772
161,312.60287
162,308.04712
163,181.61223
164,185.98244
165,152.45715
166,112.93645
167,116.90182
168,72.081726
169,133.73914
170,191.34087
171,170.69856
172,297.78934
173,247.98024
174,169.90988
175,170.69856
176,274.18195
177,312.39633
178,303.11212
179,140.92024
180,200.19093
181,86.74416
182,172.38095
183,78.529015
184,267.246
185,174.36012
186,286.9496
187,296.234
188,319.50922
189,309.14664
190,143.16179
191,215.35765
192,84.00527
193,162.40607
194,85.87234
195,310.17374
196,175.45369
197,323.94858
198,322.66855
199,356.71933
200,323.62158
201,139.90549
202,217.17302
203,86.38645
204,159.66185
205,85.390076
206,322.5118
207,175.52882
208,334.7794
209,313.36624
210,359.90063
211,323.436
212,151.89262
213,214.68219
214,86.42605
215,175.21967
216,81.955086
217,282.7534
218,183.79175
219,333.6366
220,246.34639
221,83.826935
222,245.98286
223,431.2196
224,410.07956
225,434.37814
226,140.74557
227,136.98682
228,412.93222
229,410.07956
230,292.62576
231,80.55978
232,136.25015
233,110.087326
234,97.68155
235,175.75143
236,103.79605
237,103.57495
238,132.91032
239,98.41947
240,201.13101
241,95.80204
242,101.59566
243,141.34044
244,177.79507
245,119.34537
246,131.87004
247,101.74133
248,92.536766
249,203.86075
250,91.187996
251,337.36295
252,142.0956
253,217.14755
254,107.53921
255,146.3664
256,64.355446
257,62.976715
258,184.79672
259,112.7013
260,69.53458
261,128.69322
262,123.38152
263,112.60708
264,144.89342
265,66.70251
266,68.75172
267,199.31596
268,108.733665
269,78.48196
270,132.7659
271,129.92554
272,108.92697
273,152.66223
274,63.0752
275,69.08224
276,201.7066
277,112.68002
278,65.62778
279,133.17812
280,133.17812
281,55.771057
282,224.4896
283,114.80068
284,205.77771
285,173.04309
286,170.9351
287,144.26764
288,126.9606
289,208.23444
290,326.31363
291,78.8001
292,219.78088
293,172.76738
294,174.22198
295,140.12761
296,124.95805
297,211.5433
298,334.3997
299,85.84667
300,378.41583
301,410.6852
302,250.36913
303,378.41583
304,168.61842
305,397.84045
306,239.27669
307,155.42023
308,87.02796
309,104.01668
310,66.47142
311,49.2306
312,92.69239
313,106.58659
314,96.18897
315,70.0068
316,50.715515
317,98.91861
318,103.86101
319,92.34797
320,67.20659
321,55.35573
322,129.62541
323,111.10974
324,253.22705
325,169.07776
326,131.12675
327,185.96841
328,189.06136
329,152.65422
330,119.09171
331,86.25087
332,100.29173
333,78.657104
334,89.35572
335,107.12726
336,108.76244
337,129.18391
338,169.70479
339,106.88591
340,116.94263
341,101.83962
342,92.308784
343,204.13643
344,118.32896
345,143.93314
346,66.38365
347,65.08465
348,201.32474
349,114.195915
350,63.797867
351,125.36503
352,125.36503
353,101.06175
354,59.392643
355,120.72805
356,45.406433
357,123.23365
358,158.06848
359,73.76503
360,56.11223
361,211.08957
362,120.34302
363,79.25029
364,142.81537
365,144.74998
366,89.733765
367,332.58936
368,116.29574
369,226.142
370,85.02064
371,85.76578
372,126.4763
373,67.26536
374,67.84541
375,94.77576
376,81.26881
377,85.76578
378,64.3259
379,85.02064
380,208.3579
381,153.0705
382,269.2483
383,56.31232
384,131.30971
385,138.20876
386,241.5192
387,208.28915
388,112.913994
389,241.92169
390,78.714325
391,110.78782
392,148.62619
393,86.7136
394,99.99838
395,82.29727
396,114.96272
397,111.21034
398,146.7453
399,97.60072
400,110.967155
401,134.01051
402,416.6844
403,150.8597
404,128.26076
405,78.516624
406,278.254
407,441.49222
408,265.34637
409,240.99117
410,400.6372
411,402.0555
412,224.33186
413,429.78778
414,400.6372
415,186.10716
416,159.15742
417,165.83865
418,116.46472
419,114.49345
420,161.84042
421,242.20633
422,77.65669
423,294.77533
424,311.60117
425,321.127
426,129.36168
427,219.2596
428,85.631134
429,178.08687
430,85.576065
431,277.72894
432,181.54166
433,298.81204
434,84.71231
435,84.8687
436,128.45932
437,68.74594
438,90.29273
439,90.81508
440,84.71231
441,76.899124
442,222.08199
443,175.43335
444,245.14542
445,48.233303
446,138.91162
447,128.7034
448,239.36754
449,259.30188
450,111.41778
451,216.44737
452,78.20052
453,84.15932
454,42.29599
455,223.14082
456,175.89867
457,254.29259
458,49.246143
459,142.51434
460,132.7468
461,244.9094
462,264.64218
463,113.43065
464,221.14793
465,80.261505
466,79.39829
467,39.556293
468,37.831703
469,92.468925
470,61.583958
471,121.60226
472,45.87732
473,92.814995
474,83.29735
475,129.32999
476,79.782936
477,68.29047
478,87.50204
479,89.77135
480,86.890335
481,62.10323
482,89.77135
483,311.27267
484,347.19974
485,330.63464
486,144.10098
487,219.29274
488,84.49914
489,162.46478
490,91.205734
491,324.0677
492,193.94115
493,336.43442
494,172.52658
495,120.6048
496,132.85913
497,76.38697
498,138.08307
499,210.41866
500,188.45364
501,295.97195
502,275.73825
503,179.23663
504,188.45364
505,156.10637
506,154.1772
507,81.529755
508,58.20152
509,50.15018
510,109.42246
511,106.24241
512,176.00362
513,148.86145
514,153.25798
515,125.37214
516,111.91168
517,167.00613
518,242.88603
519,68.44414
520,252.96758
521,84.037964
522,245.81578
523,449.09436
524,421.41345
525,461.83322
526,141.34825
527,133.93143
528,425.03
529,421.41345
530,297.35303
531,86.43474
532,152.76352
533,135.42393
534,231.65575
535,114.213394
536,220.22316
537,185.31982
538,82.81276
539,197.92319
540,338.3418
541,374.39114
542,332.7791
543,140.33524
544,225.57486
545,85.496086
546,164.09879
547,93.05008
548,337.97852
549,187.5686
550,347.46292
551,206.70706
552,159.73038
553,258.51633
554,60.625946
555,124.95103
556,123.792274
557,229.46597
558,176.49048
559,106.0073
560,231.38383
561,75.28913
562,113.34193
563,108.6783
564,70.01765
565,143.46576
566,126.80227
567,70.01765
568,68.06757
569,79.12112
570,77.56358
571,142.44022
572,77.290596
573,72.98801
574,95.11894
575,82.96888
576,79.12112
577,67.3357
578,91.31318
579,92.012024
580,336.16534
581,115.82622
582,226.66397
583,120.07745
584,125.32832
585,234.10272
586,121.06049
587,253.31436
588,166.22794
589,77.72245
590,204.6481
591,98.95456
592,54.528645
593,119.29399
594,44.854507
595,97.259026
596,43.502052
597,49.3612
598,97.2345
599,65.37613
600,128.1542
601,49.136543
602,67.53838
603,124.05304
604,182.7721
605,338.7528
606,226.37071
607,82.435715
608,271.3726
609,423.57248
610,371.52206
611,358.83292
612,168.33156
613,172.12993
614,401.66824
615,371.52206
616,301.9288
617,81.93636
618,144.49655
619,124.81912
620,197.96896
621,104.08202
622,208.4204
623,176.81317
624,84.24198
625,190.745
626,86.41661
627,58.536648
628,54.13697
629,85.720726
630,96.78017
631,82.508545
632,61.695118
633,52.93534
634,123.36906
635,107.38743
636,247.01958
637,161.34074
638,257.31512
639,44.937893
640,135.95403
641,140.65063
642,228.68541
643,253.21666
644,110.774506
645,227.33192
646,76.45894
647,99.95305
648,350.30484
649,143.6384
650,219.29263
651,330.5363
652,364.91968
653,344.9176
654,156.54662
655,237.32646
656,93.477936
657,176.7566
658,97.510666
659,349.25607
660,200.41519
661,355.79147
662,159.95164
663,82.78733
664,164.25928
665,184.42058
666,152.72899
667,104.162704
668,66.56845
669,116.67394
670,93.87338
671,111.41246
672,161.57263
673,80.9172
674,117.99675
675,76.9758
676,116.46616
677,109.33656
678,144.27472
679,102.15522
680,117.99675
681,111.16268
682,63.87762
683,132.3103
684,50.80845
685,440.96747
686,479.08286
687,333.43732
688,423.50806
689,479.08286
690,467.67084
691,308.67908
692,333.5542
693,477.42288
694,352.2158
695,225.37961
696,173.73958
697,257.37982
698,56.096123
699,131.39182
700,148.85562
701,246.97589
702,236.23703
703,110.99134
704,250.211
705,78.62685
706,148.1529
707,129.52266
708,227.53482
709,111.18023
710,220.127
711,180.54828
712,80.122284
713,191.2128
714,228.68355
715,86.751976
716,299.92252
717,445.74783
718,370.5011
719,388.3224
720,170.12578
721,174.70575
722,425.99948
723,370.5011
724,302.6944
725,86.8707
726,159.97804
727,168.51282
728,108.22054
729,156.43372
730,79.4292
731,91.56742
732,72.988075
733,117.27366
734,112.008156
735,145.99683
736,106.97437
737,91.56742
738,120.65283
739,149.90977
740,149.90977
741,157.71027
742,180.09213
743,151.2413
744,223.83437
745,70.942345
746,69.71738
747,134.3067
748,232.39758
749,96.33792
750,189.81165
751,480.54233
752,465.91687
753,361.881
754,454.41113
755,465.91687
756,503.28452
757,333.59396
758,363.34448
759,469.10135
760,393.13837
761,165.0895
762,167.33257
763,344.13843
764,370.95932
765,248.27402
766,344.13843
767,153.1373
768,344.47958
769,200.5234
770,145.6891
771,78.663185
772,342.59314
773,360.81564
774,254.02815
775,342.59314
776,152.17513
777,321.459
778,256.74792
779,130.7047
780,70.98532
781,348.07034
782,362.7739
783,269.88174
784,348.07034
785,151.1609
786,328.2536
787,203.44328
788,124.27992
789,72.96946
790,134.24728
791,77.99347
792,112.270325
793,112.05832
794,99.74237
795,104.64386
796,158.7006
797,89.10078
798,100.40964
799,108.87842
800,90.37656
801,188.57391
802,93.19697
803,59.189056
804,118.1646
805,45.21091
806,263.73907
807,164.04575
808,181.19287
809,164.04575
810,339.46268
811,366.74225
812,277.54636
813,339.46268
814,158.16454
815,333.78793
816,261.53705
817,132.65567
818,75.80069
819,189.57729
820,132.67958
821,157.23705
822,126.79852
823,115.32196
824,161.00443
825,273.93994
826,74.18379
827,206.6297
828,167.65146
829,243.98576
830,52.72343
831,125.20695
832,145.77109
833,236.04549
834,225.43431
835,105.90261
836,242.20956
837,74.97809
838,159.313
839,99.29852
840,115.155464
841,175.2769
842,101.63723
843,178.9869
844,160.38728
845,115.281494
846,54.900932
847,225.10121
848,114.812614
849,254.54906
850,85.79257
851,265.52182
852,407.922
853,382.57535
854,423.55533
855,158.1631
856,157.32457
857,397.4525
858,382.57535
859,268.15985
860,80.88915
861,130.1647
862,414.3225
863,146.87769
864,128.21086
865,77.11861
866,275.2813
867,439.36017
868,258.5051
869,237.68071
870,392.2811
871,387.55988
872,222.57591
873,418.93027
874,392.2811
875,230.40045
876,173.0364
877,176.00865
878,148.90965
879,134.225
880,216.06924
881,336.5793
882,89.7063
883,305.58618
884,329.1288
885,319.7892
886,141.30452
887,212.43121
888,84.2785
889,160.24586
890,89.96281
891,315.58917
892,188.53938
893,332.8137
894,154.45934
895,100.649605
896,105.04606
897,172.5846
898,90.19213
899,174.03418
900,137.36227
901,90.930855
902,357.5405
903,428.7919
904,287.699
905,347.34647
906,465.12616
907,463.06125
908,312.45847
909,395.8305
910,436.0714
911,371.66257
912,127.81636
913,430.20215
914,140.76067
915,117.44467
916,78.367676
917,282.6771
918,422.91214
919,256.21298
920,209.02303
921,407.9432
922,378.11334
923,208.33792
924,404.1622
925,407.9432
926,358.20993
927,431.23996
928,289.8258
929,350.81885
930,467.46124
931,463.93735
932,313.44232
933,400.90897
934,436.72314
935,375.1764
936,264.74252
937,86.085
938,264.31152
939,466.89297
940,433.101
941,470.31482
942,146.77477
943,136.05954
944,436.2827
945,433.101
946,308.2756
947,86.97071
948,251.43787
949,167.80894
950,90.90745
951,160.44228
952,182.37286
953,162.30597
954,119.355095
955,74.38545
956,120.66169
957,88.37986
958,91.991714
959,131.67952
960,64.39004
961,98.367676
962,267.68332
963,151.89493
964,167.79503
965,126.703995
966,56.32521
967,96.75225
968,95.25329
969,128.88286
970,68.51585
971,69.16355
972,74.98109
973,70.742775
974,120.74797
975,186.35341
976,324.51135
977,86.43194
978,62.027527
979,46.092514
980,93.241905
981,98.48083
982,386.6991
983,475.0786
984,318.51816
985,437.54108
986,475.0786
987,482.22232
988,318.0739
989,415.07336
990,444.13113
991,365.06674
992,189.10283
993,116.529655
994,138.77583
995,73.73879
996,146.42741
997,212.5969
998,179.23671
999,296.52484
1000,280.33127
1001,170.06105
1002,179.23671
1003,452.38385
1004,497.7568
1005,333.79175
1006,439.37338
1007,497.7568
1008,483.09784
1009,318.03677
1010,347.7404
1011,498.10013
1012,370.78387
1013,140.1381
1014,156.70801
1015,144.8794
1016,66.49478
1017,122.96962
1018,188.38356
1019,158.0785
1020,162.89034
1021,116.95088
1022,115.601814
1023,161.45294
1024,252.6733
1025,77.60935
1026,71.76302
1027,121.04082
1028,220.92438
1029,330.0249
1030,136.96219
1031,86.67263
1032,74.588684
1033,106.59376
1034,105.39446
1035,141.38478
1036,89.317505
1037,86.47052
1038,330.52335
1039,461.3677
1040,283.03183
1041,416.91434
1042,461.3677
1043,458.49274
1044,314.74997
1045,403.99918
1046,429.8089
1047,348.14902
1048,438.86646
1049,425.133
1050,324.04065
1051,412.42572
1052,425.133
1053,454.45554
1054,307.30945
1055,333.51016
1056,425.45746
1057,339.81232
1058,199.66917
1059,150.85344
1060,280.6536
1061,51.77045
1062,127.71504
1063,129.62411
1064,235.62334
1065,200.42982
1066,110.53732
1067,231.4187
1068,76.72606
1069,454.56976
1070,499.65637
1071,347.62714
1072,432.3242
1073,499.65637
1074,466.7216
1075,319.88788
1076,340.132
1077,501.0036
1078,369.90533
1079,279.84833
1080,164.51137
1081,172.26779
1082,130.0851
1083,300.77493
1084,308.64215
1085,336.99445
1086,124.87889
1087,216.63034
1088,85.34192
1089,179.08379
1090,84.919136
1091,270.4621
1092,178.94167
1093,307.53607
1094,276.57666
1095,91.65701
1096,272.38574
1097,472.8387
1098,453.11313
1099,476.66495
1100,150.78412
1101,145.96466
1102,440.05417
1103,453.11313
1104,321.89664
1105,90.780785
1106,219.24423
1107,176.8927
1108,259.49893
1109,56.04185
1110,131.04506
1111,148.55894
1112,245.71898
1113,237.4136
1114,111.14434
1115,249.68562
1116,78.409164
1117,224.02443
1118,161.59697
1119,246.76282
1120,42.371216
1121,133.12991
1122,123.42401
1123,211.85088
1124,233.16025
1125,105.762726
1126,221.35587
1127,74.58605
1128,110.319016
1129,146.34686
1130,88.24759
1131,102.731445
1132,81.438255
1133,114.941345
1134,110.91621
1135,142.58931
1136,93.208565
1137,113.970215
1138,120.4996
1139,151.02481
1140,92.57763
1141,67.373055
1142,204.59854
1143,127.1962
1144,74.53887
1145,143.51476
1146,150.2343
1147,207.54884
1148,154.34853
1149,288.15387
1150,54.860973
1151,134.06107
1152,134.68155
1153,244.81705
1154,212.03027
1155,114.70082
1156,246.80435
1157,80.01099
1158,99.81654
1159,65.00373
1160,49.840553
1161,99.505516
1162,108.18633
1163,55.61315
1164,236.10751
1165,117.66845
1166,58.065495
1167,239.58336
1168,120.86024
1169,221.47803
1170,171.22356
1171,268.95844
1172,64.422104
1173,135.08269
1174,132.4536
1175,240.17598
1176,187.53275
1177,114.0411
1178,241.4501
1179,79.75794
1180,118.47349
1181,153.87637
1182,84.23833
1183,113.95619
1184,78.19265
1185,97.212616
1186,97.40922
1187,146.07579
1188,102.77035
1189,114.940575
1190,389.41083
1191,431.40326
1192,309.45117
1193,405.6742
1194,431.40326
1195,421.7622
1196,281.57047
1197,315.56073
1198,425.8829
1199,336.23843
1200,159.94188
1201,119.33803
1202,125.59622
1203,167.93726
1204,97.64518
1205,189.02486
1206,150.64383
1207,104.95714
1208,153.62666
1209,134.83153
1210,197.12448
1211,105.389786
1212,206.23459
1213,178.54816
1214,75.98072
1215,187.44585
1216,77.55989
1217,66.05813
1218,51.051228
1219,109.89311
1220,103.22454
1221,56.489094
1222,226.34665
1223,121.08925
1224,105.17848
1225,147.33286
1226,141.05315
1227,141.45087
1228,163.73573
1229,140.60893
1230,211.96062
1231,68.15653
1232,66.69242
1233,132.92345
1234,209.0003
1235,84.19479
1236,155.05374
1237,289.71472
1238,286.85696
1239,299.17862
1240,115.69335
1241,201.99304
1242,83.39734
1243,158.84006
1244,78.542984
1245,256.20444
1246,171.05106
1247,278.2926
1248,354.04462
1249,378.5508
1250,283.27768
1251,354.04462
1252,157.27492
1253,339.40668
1254,208.19452
1255,131.08931
1256,75.86389
1257,114.15378
1258,168.60356
1259,86.610825
1260,117.756065
1261,76.656944
1262,121.851265
1263,114.73485
1264,149.6142
1265,106.172516
1266,117.756065
1267,132.47021
1268,421.38892
1269,139.67432
1270,132.40472
1271,83.2736
1272,246.9289
1273,381.85327
1274,264.53708
1275,210.00699
1276,415.72464
1277,322.73163
1278,268.31155
1279,332.89227
1280,415.72464
1281,89.4504
1282,335.8388
1283,123.741165
1284,226.38129
1285,321.7467
1286,339.54086
1287,297.6065
1288,354.92798
1289,454.73364
1290,468.1684
1291,325.85306
1292,380.60623
1293,441.07388
1294,376.07446
1295,109.43858
1296,149.01968
1297,82.20969
1298,105.17753
1299,75.63529
1300,90.86766
1301,88.57997
1302,150.6151
1303,97.83006
1304,106.61445
1305,113.59346
1306,368.0223
1307,153.00351
1308,249.78018
1309,54.62768
1310,222.79974
1311,113.02092
1312,124.6215
1313,123.96393
1314,64.99558
1315,86.34786
1316,129.5118
1317,122.65865
1318,190.86037
1319,66.83043
1320,105.43105
1321,74.464165
1322,260.39212
1323,148.53699
1324,186.36124
1325,163.4998
1326,93.77161
1327,59.617847
1328,117.53291
1329,45.50345
1330,120.61383
1331,156.86687
1332,72.43507
1333,68.41262
1334,207.56775
1335,123.96369
1336,74.04395
1337,139.8626
1338,134.25682
1339,98.59021
1340,67.07852
1341,130.26859
1342,50.604332
1343,307.92758
1344,320.4271
1345,336.79944
1346,155.72014
1347,220.901
1348,92.78012
1349,194.79642
1350,81.37611
1351,306.93365
1352,189.80803
1353,321.04495
1354,170.85068
1355,144.20099
1356,155.04938
1357,130.1446
1358,108.762024
1359,163.38235
1360,249.15198
1361,72.185326
1362,95.608864
1363,132.34097
1364,169.41655
1365,192.38538
1366,95.83992
1367,114.28143
1368,96.88807
1369,96.640205
1370,199.43814
1371,251.35924
1372,158.30835
1373,108.41345
1374,166.91577
1375,181.76582
1376,152.93451
1377,119.67931
1378,77.10416
1379,121.3993
1380,76.68012
1381,88.60701
1382,138.7935
1383,95.2136
1384,74.614265
1385,106.45686
1386,102.35519
1387,136.80176
1388,88.63803
1389,101.116844
1390,141.14734
1391,104.294655
1392,121.48327
1393,162.76207
1394,86.774155
1395,162.26735
1396,140.50108
1397,106.49743
1398,81.08522
1399,82.40946
1400,124.10404
1401,68.5633
1402,87.901535
1403,83.80379
1404,81.08522
1405,74.66128
1406,231.2196
1407,148.83257
1408,95.72665
1409,156.25389
1410,172.75264
1411,149.84853
1412,118.967415
1413,70.35554
1414,119.22319
1415,75.316925
1416,83.521385
1417,110.58641
1418,391.68054
1419,137.2079
1420,248.60312
1421,207.79929
1422,158.58208
1423,163.83914
1424,134.80298
1425,120.61147
1426,199.21259
1427,312.80463
1428,80.4897
1429,236.70113
1430,164.8594
1431,255.46066
1432,42.56062
1433,144.34464
1434,130.6004
1435,223.68199
1436,244.17326
1437,114.60461
1438,225.77448
1439,81.7956
1440,333.9984
1441,363.82596
1442,333.89093
1443,140.59846
1444,222.70511
1445,85.482956
1446,161.83972
1447,93.10662
1448,333.17905
1449,191.8245
1450,343.07098
1451,67.161385
1452,119.55326
1453,218.79839
1454,323.67004
1455,327.93134
1456,354.9657
1457,264.30774
1458,327.93134
1459,153.2104
1460,321.51834
1461,250.16566
1462,131.22815
1463,72.60981
1464,224.05861
1465,177.95479
1466,250.93219
1467,60.48994
1468,123.500015
1469,122.85844
1470,229.3801
1471,198.25604
1472,104.890396
1473,238.92052
1474,74.75686
1475,115.91954
1476,124.45463
1477,225.22673
1478,120.17924
1479,231.3258
1480,168.24384
1481,80.4707
1482,202.41197
1483,216.9383
1484,167.10213
1485,263.8992
1486,62.36788
1487,124.448105
1488,124.111206
1489,230.97949
1490,184.06398
1491,108.01948
1492,237.01263
1493,76.2301
1494,125.12912
1495,405.68234
1496,137.08353
1497,132.74495
1498,78.630554
1499,267.88635
1500,421.32443
1501,250.49176
1502,237.25008
1503,382.72186
1504,378.94778
1505,220.43613
1506,405.45975
1507,382.72186
1508,56.84298
1509,232.70973
1510,117.97199
1511,256.74008
1512,88.28013
1513,264.40128
1514,404.17743
1515,371.13464
1516,419.64783
1517,161.27744
1518,156.94102
1519,392.6256
1520,371.13464
1521,263.9542
1522,84.63479
1523,146.90627
1524,84.65663
1525,152.03632
1526,172.68394
1527,149.27144
1528,107.5944
1529,59.915062
1530,111.766525
1531,85.003525
1532,331.70703
1533,360.2145
1534,268.63235
1535,331.70703
1536,156.86299
1537,324.28876
1538,255.5914
1539,136.14885
1540,74.441765
1541,394.6046
1542,419.21442
1543,273.47388
1544,394.6046
1545,169.72218
1546,399.3768
1547,230.07921
1548,165.1017
1549,86.83844
1550,110.30123
1551,156.98068
1552,83.447464
1553,94.21833
1554,72.24328
1555,117.641464
1556,113.655334
1557,151.9976
1558,105.03229
1559,94.21833
1560,136.5621
1561,432.78558
1562,144.43173
1563,132.71489
1564,79.980934
1565,256.2064
1566,320.15158
1567,269.05487
1568,219.05226
1569,410.27026
1570,399.75653
1571,252.04407
1572,398.098
1573,410.27026
1574,235.37708
1575,147.41226
1576,153.25848
1577,127.97882
1578,228.5122
1579,83.81082
1580,275.47015
1581,431.52588
1582,382.1797
1583,362.26324
1584,171.26945
1585,177.77304
1586,415.86005
1587,382.1797
1588,308.19992
1589,85.322266
1590,267.58798
1591,171.88576
1592,93.33701
1593,167.82399
1594,194.42355
1595,170.9682
1596,124.84847
1597,77.591255
1598,125.90731
1599,89.7615
1600,98.21071
1601,85.84536
1602,329.73138
1603,146.99484
1604,221.77774
1605,98.89989
1606,101.490776
1607,54.038757
1608,72.00378
1609,105.94615
1610,106.186844
1611,158.06094
1612,56.89917
1613,88.254745
1614,62.83052
1615,167.24689
1616,122.32689
1617,132.65706
1618,82.41591
1619,139.34196
1620,202.28278
1621,184.73988
1622,324.90927
1623,266.95206
1624,175.98616
1625,184.73988
1626,254.10799
1627,161.09943
1628,174.35147
1629,161.09943
1630,86.20404
1631,63.859287
1632,54.630573
1633,115.91545
1634,113.37333
1635,229.38863
1636,165.3774
1637,267.48593
1638,45.145214
1639,139.61632
1640,126.60169
1641,214.31786
1642,241.07173
1643,110.06963
1644,224.28084
1645,76.61127
1646,273.02603
1647,176.14484
1648,174.55078
1649,133.87709
1650,203.8283
1651,85.95067
1652,303.96533
1653,442.81772
1654,382.1866
1655,379.50385
1656,174.85352
1657,177.22618
1658,428.8459
1659,382.1866
1660,315.86993
1661,86.5029
1662,236.23691
1663,189.36623
1664,271.92984
1665,65.2988
1666,134.2465
1667,134.30376
1668,243.94226
1669,215.77283
1670,113.79042
1671,259.74155
1672,81.29455
1673,132.02733
1674,427.42358
1675,136.09276
1676,134.1971
1677,82.778015
1678,296.02405
1679,369.80975
1680,264.19168
1681,204.95103
1682,410.57635
1683,356.04877
1684,271.14468
1685,353.6017
1686,410.57635
1687,162.66284
1688,101.897285
1689,168.64746
1690,191.65562
1691,165.40926
1692,122.77147
1693,62.58309
1694,121.95444
1695,98.86924
1696,116.0815
1697,122.927055
1698,191.86519
1699,104.592674
1700,209.9341
1701,168.5997
1702,78.001724
1703,174.11046
1704,363.21094
1705,382.8781
1706,236.8059
1707,363.21094
1708,160.53021
1709,370.42374
1710,226.00465
1711,150.88934
1712,79.61257
1713,378.289
1714,443.9122
1715,306.2768
1716,362.23096
1717,485.89044
1718,492.596
1719,327.5436
1720,408.95792
1721,461.32523
1722,396.8395
1723,147.03206
1724,102.374855
1725,133.84248
1726,163.8914
1727,111.59558
1728,165.39081
1729,142.26257
1730,96.00403
1731,342.13245
1732,362.2636
1733,253.94409
1734,342.13245
1735,157.67897
1736,354.8943
1737,225.26636
1738,143.86754
1739,72.864174
1740,115.56472
1741,154.6772
1742,70.16721
1743,53.712727
1744,201.3571
1745,116.373955
1746,74.66555
1747,139.91669
1748,141.60635
1749,126.504234
1750,152.481
1751,152.481
1752,152.70387
1753,190.25302
1754,153.78409
1755,232.45699
1756,70.93903
1757,73.71496
1758,137.5317
1759,235.30693
1760,102.65035
1761,198.71555
1762,85.43577
1763,60.267906
1764,48.04154
1765,92.00378
1766,97.43026
1767,279.98822
1768,334.00113
1769,296.6155
1770,141.39659
1771,200.3272
1772,80.949776
1773,163.91743
1774,84.69523
1775,251.56104
1776,171.09012
1777,301.85638
1778,117.428154
1779,160.61942
1780,72.104416
1781,68.18855
1782,220.69875
1783,117.428154
1784,73.43468
1785,140.85258
1786,140.39192
1787,81.97466
1788,123.89107
1789,245.46346
1790,329.89716
1791,295.933
1792,174.28606
1793,182.97014
1794,139.35666
1795,119.02256
1796,153.59195
1797,164.98845
1798,154.69586
1799,170.39279
1800,156.27483
1801,233.46173
1802,72.82447
1803,70.72591
1804,131.63495
1805,227.8034
1806,92.24375
1807,164.17017
1808,133.77702
1809,415.78293
1810,151.70717
1811,128.21124
1812,78.64334
1813,276.90167
1814,441.488
1815,262.79428
1816,239.45897
1817,397.70123
1818,400.8044
1819,222.97192
1820,430.1195
1821,397.70123
1822,90.63338
1823,63.367466
1824,54.163292
1825,83.30601
1826,97.52434
1827,444.52014
1828,444.12268
1829,330.1406
1830,413.10907
1831,444.12268
1832,462.03036
1833,315.44623
1834,355.493
1835,434.55466
1836,344.1934
1837,79.60118
1838,44.759434
1839,42.88377
1840,103.73964
1841,110.27016
1842,61.050533
1843,72.205536
1844,131.04825
1845,120.105225
1846,185.34041
1847,71.27559
1848,110.17098
1849,69.24734
1850,372.08975
1851,393.52435
1852,287.31897
1853,372.08975
1854,142.24759
1855,374.69617
1856,275.8149
1857,115.157715
1858,77.93577
1859,209.88605
1860,165.24529
1861,255.95825
1862,48.60276
1863,130.73717
1864,124.34347
1865,224.69017
1866,244.11517
1867,109.45085
1868,203.43805
1869,75.99304
1870,53.27608
1871,245.39195
1872,113.48448
1873,343.0355
1874,367.0848
1875,253.35689
1876,343.0355
1877,158.17072
1878,354.12125
1879,224.29004
1880,146.15396
1881,72.65639
1882,156.86261
1883,114.51409
1884,123.41571
1885,78.192314
1886,139.60846
1887,186.97299
1888,174.76898
1889,311.14014
1890,254.4095
1891,166.09412
1892,174.76898
1893,219.69371
1894,173.46674
1895,255.4067
1896,59.40108
1897,124.36161
1898,124.04056
1899,228.8306
1900,197.59068
1901,104.67151
1902,241.37299
1903,74.289604
1904,96.863266
1905,61.328568
1906,123.78117
1907,45.603237
1908,221.20372
1909,85.17654
1910,258.66602
1911,442.32434
1912,371.16986
1913,350.8528
1914,152.52972
1915,136.13976
1916,410.42075
1917,371.16986
1918,297.1937
1919,81.200134
1920,54.737663
1921,222.19945
1922,112.95136
1923,125.46065
1924,68.83454
1925,112.23789
1926,370.4573
1927,394.3392
1928,290.21454
1929,370.4573
1930,149.91013
1931,375.25458
1932,276.45364
1933,124.060905
1934,78.07336
1935,209.99406
1936,167.29514
1937,259.83832
1938,50.926575
1939,133.97083
1940,123.59062
1941,224.10199
1942,248.84256
1943,108.76322
1944,207.57695
1945,75.50168
1946,88.38071
1947,74.825615
1948,121.24507
1949,47.51572
1950,103.25038
1951,145.52309
1952,138.2193
1953,133.92766
1954,164.42839
1955,147.56348
1956,187.26566
1957,78.02285
1958,69.14773
1959,116.90015
1960,183.48247
1961,75.39763
1962,148.66617
1963,84.02495
1964,55.631454
1965,54.34362
1966,85.51219
1967,94.33966
1968,137.41579
1969,68.51846
1970,101.856186
1971,134.60065
1972,142.38249
1973,176.99074
1974,133.20198
1975,134.56003
1976,77.30921
1977,132.0726
1978,219.98155
1979,185.90955
1980,314.11395
1981,277.21014
1982,180.56575
1983,191.45914
1984,166.64157
1985,104.781715
1986,159.91298
1987,172.75931
1988,150.92618
1989,114.43019
1990,73.37759
1991,119.30645
1992,93.14006
1993,289.1381
1994,155.73016
1995,181.20894
1996,134.68611
1997,141.64093
1998,110.7688
1999,115.75405
2000,164.41428
2001,88.53458
2002,162.6139
2003,140.07143
2004,115.13394
2005,199.17117
2006,84.16718
2007,292.75583
2008,410.48807
2009,370.91617
2010,349.9901
2011,167.66898
2012,169.62163
2013,403.17764
2014,370.91617
2015,303.04953
2016,80.88175
2017,139.07353
2018,440.51627
2019,141.97125
2020,174.16484
2021,82.0102
2022,305.61227
2023,441.6573
2024,272.57413
2025,213.64342
2026,432.14487
2027,378.4644
2028,265.88162
2029,386.65448
2030,432.14487
2031,363.0719
2032,385.77435
2033,240.28217
2034,363.0719
2035,160.87006
2036,375.92548
2037,230.09874
2038,151.90283
2039,80.87327
2040,261.53482
2041,83.38923
2042,254.8313
2043,434.16052
2044,414.3879
2045,444.2648
2046,144.04141
2047,139.3255
2048,409.4266
2049,414.3879
2050,287.76184
2051,81.66765
2052,69.31801
2053,117.38656
2054,218.73111
2055,322.12695
2056,164.79071
2057,120.9605
2058,131.55833
2059,81.35523
2060,142.77682
2061,200.58643
2062,183.37357
2063,321.5665
2064,264.03943
2065,174.12897
2066,183.37357
2067,82.86276
2068,61.596466
2069,52.372562
2070,113.13221
2071,108.711784
2072,104.1051
2073,378.5149
2074,127.5056
2075,238.45673
2076,155.31169
2077,102.06126
2078,98.00141
2079,167.14859
2080,98.20495
2081,166.72812
2082,142.6393
2083,104.04545
2084,147.14548
2085,133.37486
2086,204.73566
2087,108.57797
2088,215.75359
2089,183.85266
2090,83.87687
2091,196.1889
2092,60.52087
2093,239.45407
2094,123.70217
2095,100.21792
2096,62.462765
2097,114.15949
2098,45.667496
2099,267.48962
2100,151.17172
2101,165.6981
2102,124.164
2103,97.624886
2104,118.9492
2105,187.30244
2106,327.66562
2107,92.2284
2108,348.63626
2109,148.63994
2110,221.39915
2111,72.7764
2112,129.06287
2113,239.85358
2114,354.27783
2115,387.75543
2116,494.95544
2117,307.98926
2118,444.20358
2119,494.95544
2120,488.51352
2121,332.11316
2122,417.97668
2123,461.787
2124,373.61716
2125,132.45694
2126,128.47482
2127,198.52367
2128,114.00826
2129,225.34683
2130,180.8496
2131,73.57582
2132,182.34886
2133,70.55964
2134,71.83783
2135,128.48872
2136,69.114365
2137,68.169174
2138,88.14964
2139,77.190346
2140,70.55964
2141,62.311016
2142,83.0077
2143,263.0508
2144,166.74641
2145,167.05974
2146,122.66006
2147,122.95051
2148,159.11076
2149,72.2988
2150,69.60288
2151,220.43665
2152,119.65552
2153,73.1943
2154,138.99536
2155,138.99536
2156,167.0114
2157,116.82793
2158,130.19934
2159,80.88877
2160,127.580284
2161,194.8477
2162,165.61201
2163,287.2327
2164,281.88818
2165,172.3419
2166,174.00911
2167,138.42575
2168,92.48422
2169,75.94316
2170,105.07657
2171,104.689476
2172,140.84036
2173,80.798065
2174,97.40615
2175,110.115204
2176,139.53226
2177,150.5764
2178,144.17596
2179,151.25636
2180,147.34831
2181,211.8034
2182,65.24797
2183,65.59702
2184,114.61149
2185,200.42628
2186,86.19664
2187,151.59212
2188,95.67358
2189,45.4577
2190,49.86033
2191,117.41556
2192,387.24805
2193,157.42078
2194,247.3167
2195,61.842297
2196,115.048874
2197,201.3523
2198,326.20114
2199,84.42866
2200,59.63849
2201,51.681976
2202,117.537895
2203,103.64214
2204,175.15576
2205,127.282845
2206,138.23717
2207,83.14877
2208,140.45052
2209,198.67566
2210,181.62512
2211,314.05212
2212,276.66754
2213,177.55116
2214,171.32573
2215,118.20207
2216,151.61633
2217,61.181473
2218,63.53075
2219,201.24144
2220,114.2695
2221,67.0011
2222,124.2519
2223,124.2519
2224,80.719315
2225,78.278564
2226,144.44565
2227,76.2709
2228,75.08535
2229,96.86913
2230,83.82985
2231,80.719315
2232,68.09348
2233,90.82703
2234,214.44084
2235,162.6647
2236,259.26764
2237,61.006767
2238,127.65288
2239,126.88151
2240,232.29732
2241,179.56119
2242,107.20201
2243,234.6217
2244,77.3905
2245,200.65013
2246,85.558525
2247,307.95108
2248,428.71503
2249,376.43436
2250,374.05853
2251,171.91273
2252,173.17012
2253,421.88553
2254,376.43436
2255,318.8403
2256,85.735275
2257,97.388596
2258,62.211918
2259,128.36147
2260,48.19298
2261,72.149506
2262,124.10061
2263,224.72049
2264,346.65796
2265,139.43929
2266,80.02007
2267,129.92082
2268,149.0081
2269,70.253624
2270,139.15572
2271,220.6275
2272,171.99931
2273,260.67126
2274,56.645836
2275,129.23634
2276,145.64436
2277,238.6599
2278,232.8538
2279,110.19457
2280,247.99939
2281,77.09074
2282,91.52625
2283,349.60248
2284,138.88036
2285,218.17381
2286,134.10185
2287,104.68818
2288,105.06449
2289,183.0389
2290,85.61056
2291,108.081764
2292,103.958565
2293,93.442375
2294,197.68823
2295,358.28546
2296,458.9952
2297,292.88638
2298,422.61157
2299,458.9952
2300,464.9051
2301,314.36014
2302,399.76416
2303,427.62927
2304,351.974
2305,218.5325
2306,171.46646
2307,252.07147
2308,47.638783
2309,139.61539
2310,127.73003
2311,233.44727
2312,257.96625
2313,112.22478
2314,215.08037
2315,78.828735
2316,373.68628
2317,436.95874
2318,301.89755
2319,361.80612
2320,474.97916
2321,479.62024
2322,319.29935
2323,403.48825
2324,456.95163
2325,391.72147
2326,157.46829
2327,174.06763
2328,335.7128
2329,359.01398
2330,242.16707
2331,335.7128
2332,151.9515
2333,346.4463
2334,198.67026
2335,140.19778
2336,76.92487
2337,115.84052
2338,122.82458
2339,196.09595
2340,104.278145
2341,213.41016
2342,168.1137
2343,72.45223
2344,167.93822
2345,109.736496
2346,139.33273
2347,78.61987
2348,63.548233
2349,187.39633
2350,113.360954
2351,69.52132
2352,129.19199
2353,142.83232
2354,239.78976
2355,157.25421
2356,92.89562
2357,156.33275
2358,188.02386
2359,145.3249
2360,97.33266
2361,75.051346
2362,96.680855
2363,75.27599
2364,87.8608
2365,152.90257
2366,65.478615
2367,127.860794
2368,212.65033
2369,167.75862
2370,248.12325
2371,54.27387
2372,126.49808
2373,140.33083
2374,229.40001
2375,224.72446
2376,106.6086
2377,235.49281
2378,74.36201
2379,89.56555
2380,65.52612
2381,55.680576
2382,125.48093
2383,113.301834
2384,242.29585
2385,95.23748
2386,313.10397
2387,475.23767
2388,378.2396
2389,412.40643
2390,176.60379
2391,193.22292
2392,451.59006
2393,378.2396
2394,328.307
2395,91.87484
2396,286.3075
2397,340.7448
2398,304.75995
2399,140.05019
2400,199.95415
2401,79.7056
2402,161.91939
2403,85.204445
2404,256.72455
2405,171.94019
2406,309.82843
2407,231.63586
2408,165.12604
2409,246.73035
2410,42.91701
2411,134.02783
2412,126.36141
2413,207.54747
2414,234.56801
2415,107.400894
2416,214.85773
2417,75.52767
2418,235.97447
2419,180.2638
2420,265.2404
2421,49.99657
2422,149.29793
2423,139.07294
2424,249.20152
2425,274.743
2426,118.81989
2427,229.70036
2428,84.83164
2429,350.44135
2430,372.57782
2431,265.97165
2432,350.44135
2433,160.51329
2434,362.81592
2435,233.32018
2436,148.06165
2437,74.49116
2438,92.43326
2439,92.494545
2440,130.32158
2441,79.1049
2442,68.90695
2443,91.99294
2444,89.64973
2445,92.494545
2446,61.761932
2447,92.43326
2448,129.77464
2449,405.61057
2450,131.31334
2451,125.93589
2452,78.22875
2453,243.73657
2454,300.10648
2455,255.11627
2456,204.19795
2457,383.93777
2458,383.34323
2459,235.50719
2460,377.06546
2461,380.5899
2462,111.91131
2463,69.675735
2464,123.94277
2465,50.182034
2466,163.14203
2467,163.67992
2468,163.18466
2469,120.75724
2470,126.285576
2471,79.50904
2472,132.89929
2473,189.20296
2474,172.36319
2475,295.95642
2476,272.27017
2477,168.1068
2478,162.16139
2479,140.94449
2480,147.59422
2481,268.4568
2482,168.1958
2483,184.24672
2484,168.1958
2485,80.91963
2486,93.52016
2487,128.44885
2488,77.88153
2489,81.14796
2490,95.02233
2491,80.91963
2492,80.91963
2493,66.69996
2494,76.526634
2495,99.72144
2496,64.00098
2497,131.15921
2498,50.415783
2499,337.94257
2500,361.30408
2501,241.86633
2502,337.94257
2503,152.59833
2504,347.87952
2505,199.45688
2506,141.4958
2507,77.05402
2508,131.8596
2509,422.62103
2510,147.57474
2511,131.499
2512,82.97897
2513,281.5196
2514,447.61536
2515,267.03137
2516,244.84961
2517,399.2009
2518,397.17743
2519,228.76906
2520,431.56766
2521,399.2009
2522,249.534
2523,152.2732
2524,87.97047
2525,150.79152
2526,180.8909
2527,156.63509
2528,113.3288
2529,79.57139
2530,117.262085
2531,83.082184
2532,87.84933
2533,264.6129
2534,158.33907
2535,172.35802
2536,129.53557
2537,148.93785
2538,166.3717
2539,109.433365
2540,157.92337
2541,156.33803
2542,158.21635
2543,179.59372
2544,155.61934
2545,233.3796
2546,78.32535
2547,74.26194
2548,153.28845
2549,234.64944
2550,96.83519
2551,168.95767
2552,72.3587
2553,80.67079
2554,123.80024
2555,76.32547
2556,84.29808
2557,72.3587
2558,71.71096
2559,71.71096
2560,106.17439
2561,136.84703
2562,81.5816
2563,87.66432
2564,77.39438
2565,106.97356
2566,104.2171
2567,139.92683
2568,88.99361
2569,97.57918
2570,90.41065
2571,89.694115
2572,126.77313
2573,71.03418
2574,67.457825
2575,92.34163
2576,87.64543
2577,89.694115
2578,63.341667
2579,90.41065
2580,90.3364
2581,334.86273
2582,138.52051
2583,216.41942
2584,110.326744
2585,68.98339
2586,123.79458
2587,49.607162
2588,83.88891
2589,40.956764
2590,42.06688
2591,56.459015
2592,231.65144
2593,115.55061
2594,90.61039
2595,63.06335
2596,123.00076
2597,44.869556
2598,380.8691
2599,399.37375
2600,312.9747
2601,423.68945
2602,489.57782
2603,501.62057
2604,312.54205
2605,440.87518
2606,459.78052
2607,398.4535
2608,84.20893
2609,50.129356
2610,54.03993
2611,101.65381
2612,106.436615
2613,225.31406
2614,85.82731
2615,254.78682
2616,434.7099
2617,373.8032
2618,353.4925
2619,156.85416
2620,137.75452
2621,406.0144
2622,373.8032
2623,284.31522
2624,82.69106
2625,98.17709
2626,95.13468
2627,60.947773
2628,125.73183
2629,119.73691
2630,60.947773
2631,62.374336
2632,346.49634
2633,369.933
2634,285.73984
2635,392.05295
2636,466.779
2637,470.29532
2638,291.07907
2639,417.16272
2640,436.15085
2641,379.36072
2642,152.83609
2643,91.94777
2644,99.39891
2645,156.96466
2646,114.04529
2647,167.81839
2648,147.36469
2649,95.64507
2650,388.66748
2651,458.94028
2652,313.15833
2653,377.3511
2654,501.7842
2655,504.7426
2656,332.0275
2657,420.162
2658,476.7468
2659,409.40863
2660,128.36606
2661,136.07622
2662,245.16692
2663,130.50722
2664,268.95792
2665,180.24496
2666,84.68424
2667,216.1756
2668,136.27504
2669,436.51306
2670,146.73769
2671,133.86757
2672,82.32753
2673,257.1178
2674,317.90393
2675,270.95767
2676,220.18137
2677,414.03812
2678,407.2243
2679,253.28561
2680,399.23343
2681,414.03812
2682,105.05137
2683,355.48825
2684,152.1731
2685,239.84145
2686,113.837364
2687,165.06078
2688,91.452
2689,100.31014
2690,85.37623
2691,121.57593
2692,117.55668
2693,153.79004
2694,93.067955
2695,107.23724
2696,63.54893
2697,107.42758
2698,76.82011
2699,130.07698
2700,82.2953
2701,82.2953
2702,59.917435
2703,257.86493
2704,123.36746
2705,53.357155
2706,227.09444
2707,114.10284
2708,62.733795
2709,109.68606
2710,74.11008
2711,130.60426
2712,81.143196
2713,81.143196
2714,393.98718
2715,448.92523
2716,327.26105
2717,419.7753
2718,448.92523
2719,425.4684
2720,292.03528
2721,313.2711
2722,449.43155
2723,355.52182
2724,192.94615
2725,82.09526
2726,287.1515
2727,421.5519
2728,351.85117
2729,340.3033
2730,163.47571
2731,165.76892
2732,401.42065
2733,351.85117
2734,296.12003
2735,80.4063
2736,84.765
2737,73.78663
2738,118.75238
2739,44.596252
2740,57.172333
2741,241.07806
2742,115.28853
2743,131.58142
2744,68.96303
2745,98.04409
2746,350.98434
2747,374.31885
2748,279.1397
2749,350.98434
2750,170.83284
2751,338.42908
2752,265.23596
2753,138.46721
2754,79.74136
2755,147.80269
2756,68.99612
2757,136.11925
2758,344.6743
2759,371.1566
2760,328.7077
2761,383.73532
2762,491.16083
2763,503.96198
2764,349.36383
2765,413.79675
2766,469.69965
2767,415.94196
2768,136.08206
2769,424.9449
2770,139.48802
2771,133.96503
2772,85.716515
2773,252.79007
2774,386.19144
2775,268.60135
2776,213.01427
2777,415.91934
2778,332.67026
2779,273.18857
2780,349.34818
2781,415.91934
2782,66.39065
2783,120.92042
2784,179.48012
2785,329.3549
2786,60.457672
2787,103.815704
2788,98.92111
2789,133.95685
2790,72.713196
2791,73.1945
2792,78.174644
2793,167.39752
2794,118.11164
2795,126.1584
2796,192.39923
2797,93.151024
2798,94.05978
2799,116.46311
2800,96.80924
2801,202.69295
2802,219.63934
2803,168.90474
2804,251.14658
2805,57.45845
2806,127.39997
2807,123.90838
2808,229.85112
2809,190.70581
2810,105.24124
2811,239.41605
2812,75.821724
2813,91.805954
2814,59.12412
2815,122.406944
2816,46.073166
2817,132.56076
2818,121.99323
2819,189.43983
2820,98.52004
2821,199.80098
2822,166.8175
2823,77.00245
2824,185.83084
2825,232.02586
2826,159.01686
2827,96.71788
2828,148.22432
2829,190.04077
2830,156.092
2831,96.03466
2832,75.036385
2833,95.37091
2834,76.07592
2835,88.7413
2836,95.95977
2837,59.246235
2838,45.696
2839,85.48814
2840,95.28481
2841,131.75609
2842,76.27519
2843,134.52213
2844,384.19086
2845,411.7747
2846,256.18658
2847,384.19086
2848,170.16846
2849,403.14783
2850,245.90407
2851,156.62366
2852,86.49889
2853,57.3351
2854,240.94176
2855,122.19601
2856,125.224144
2857,401.93185
2858,127.20651
2859,166.46518
2860,78.32292
2861,282.05667
2862,395.6969
2863,251.77176
2864,206.0159
2865,396.00967
2866,347.76193
2867,253.63574
2868,358.6044
2869,396.00967
2870,324.77374
2871,338.74344
2872,301.05243
2873,351.1268
2874,459.56265
2875,463.24677
2876,323.2206
2877,388.19925
2878,439.58713
2879,373.54376
2880,146.8155
2881,153.19127
2882,260.23758
2883,163.39513
2884,163.1961
2885,122.89605
2886,58.011112
2887,105.744316
2888,99.15398
2889,134.9881
2890,70.679886
2891,71.65367
2892,77.97551
2893,131.79279
2894,434.7012
2895,149.43767
2896,149.43767
2897,78.39608
2898,299.7878
2899,439.17166
2900,261.29126
2901,250.04318
2902,414.29803
2903,394.5999
2904,241.00392
2905,428.41055
2906,414.29803
2907,222.22308
2908,86.1797
2909,259.86707
2910,452.21024
2911,368.98117
2912,352.36612
2913,158.54918
2914,140.56857
2915,418.22232
2916,368.98117
2917,297.59488
2918,84.365555
2919,55.994278
2920,236.34294
2921,118.87453
2922,102.804115
2923,123.05068
2924,194.64099
2925,335.93588
2926,93.669
2927,332.4852
2928,132.8108
2929,220.41594
2930,342.12723
2931,372.11478
2932,262.89468
2933,342.12723
2934,159.8103
2935,359.37573
2936,227.27382
2937,155.79626
2938,72.70914
2939,126.48578
2940,423.46786
2941,145.9559
2942,130.33743
2943,81.047104
2944,289.52054
2945,409.45413
2946,253.11116
2947,207.95035
2948,403.6495
2949,372.48508
2950,214.34975
2951,396.49338
2952,403.6495
2953,99.96668
2954,61.826523
2955,111.35616
2956,45.91963
2957,100.873985
2958,83.4953
2959,129.15675
2960,47.583153
2961,105.84844
2962,109.218956
2963,61.027424
2964,72.44805
2965,132.61583
2966,124.521645
2967,177.11366
2968,74.10828
2969,110.68242
2970,64.80949
2971,109.185104
2972,108.681564
2973,68.449165
2974,139.94185
2975,125.52809
2976,68.449165
2977,68.746635
2978,294.05402
2979,172.23051
2980,181.84758
2981,141.52177
2982,104.0925
2983,99.68655
2984,73.14482
2985,125.89981
2986,116.34471
2987,56.747055
2988,62.056103
2989,81.2181
2990,120.351395
2991,239.1543
2992,326.38754
2993,97.32616
2994,116.258865
2995,164.72856
2996,295.96066
2997,251.5614
2998,85.7025
2999,257.55722
3000,392.50076
3001,362.8514
3002,408.2674
3003,160.91386
3004,155.44972
3005,373.39362
3006,362.8514
3007,251.15784
3008,82.158585
3009,107.64186
3010,146.0517
3011,83.17101
3012,102.78333
3013,72.63983
3014,89.805984
3015,94.14908
3016,147.43048
3017,86.11965
3018,110.48252
3019,210.46251
3020,159.60704
3021,250.73508
3022,59.376587
3023,126.35617
3024,120.68741
3025,227.9926
3026,174.05252
3027,102.302635
3028,230.53397
3029,74.8457
3030,78.52823
3031,90.75144
3032,123.7807
3033,68.21057
3034,76.810326
3035,89.67483
3036,78.52823
3037,78.52823
3038,64.5943
3039,78.79255
3040,147.4406
3041,103.45742
3042,95.080345
3043,161.65956
3044,90.92977
3045,163.79242
3046,139.70496
3047,111.55105
3048,237.77196
3049,169.66716
3050,103.989655
3051,168.8281
3052,182.94806
3053,159.10461
3054,117.79712
3055,82.102425
3056,98.60798
3057,77.97893
3058,87.35929
3059,153.97398
3060,123.50084
3061,124.772766
3062,71.391136
3063,119.54779
3064,195.81123
3065,170.82764
3066,300.82068
3067,266.29538
3068,168.5362
3069,173.76144
3070,107.43946
3071,64.2239
3072,130.73692
3073,49.148846
3074,221.81487
3075,153.85208
3076,169.96182
3077,153.85208
3078,467.54306
3079,464.52484
3080,356.39545
3081,443.7884
3082,464.52484
3083,495.95764
3084,338.03363
3085,351.721
3086,453.2082
3087,372.73685
3088,268.1504
3089,168.87196
3090,184.25471
3091,168.87196
3092,264.99893
3093,86.94115
3094,260.21152
3095,453.62332
3096,433.3551
3097,460.1095
3098,147.4468
3099,141.38115
3100,423.02325
3101,433.3551
3102,303.72455
3103,85.45056
3104,215.26135
3105,150.75859
3106,241.06749
3107,38.970467
3108,134.25093
3109,124.93423
3110,210.58568
3111,227.36162
3112,105.888275
3113,205.8363
3114,74.38126
3115,62.73927
3116,108.6882
3117,91.08109
3118,137.1841
3119,78.56197
3120,74.70708
3121,280.88803
3122,171.0376
3123,299.97183
3124,52.038826
3125,147.64977
3126,152.78056
3127,247.21849
3128,278.9073
3129,120.35949
3130,249.34273
3131,84.94952
3132,442.6159
3133,481.23392
3134,330.07352
3135,426.5255
3136,481.23392
3137,468.98215
3138,316.32938
3139,339.09073
3140,485.65533
3141,358.00143
3142,99.40962
3143,338.0446
3144,141.43988
3145,223.13922
3146,124.06079
3147,157.60455
3148,157.60455
3149,157.70357
3150,187.63213
3151,156.19304
3152,232.61598
3153,70.53935
3154,72.73414
3155,144.80113
3156,258.70795
3157,84.20074
3158,192.49852
3159,378.76587
3160,405.02728
3161,286.20142
3162,378.76587
3163,169.70042
3164,360.7016
3165,287.49124
3166,143.47589
3167,81.530846
3168,281.6744
3169,87.99627
3170,308.83942
3171,433.81265
3172,439.15176
3173,449.86703
3174,155.88484
3175,152.8823
3176,415.0401
3177,439.15176
3178,302.02383
3179,84.64028
3180,154.61275
3181,93.70367
3182,108.604065
3183,188.44205
3184,91.41987
3185,96.60127
3186,101.7473
3187,89.39322
3188,194.54736
3189,109.331245
3190,144.23248
3191,155.09285
3192,145.06148
3193,158.48817
3194,148.28865
3195,213.17094
3196,64.86106
3197,66.51603
3198,113.5822
3199,214.46283
3200,85.57101
3201,156.97171
3202,60.45485
3203,99.01318
3204,85.45899
3205,131.64832
3206,71.668945
3207,68.84633
3208,56.16973
3209,247.99608
3210,119.03823
3211,110.74709
3212,105.00835
3213,70.0432
3214,136.31566
3215,125.0424
3216,65.74025
3217,72.5791
3218,252.27252
3219,146.55223
3220,175.29086
3221,153.68433
3222,135.99701
3223,439.35263
3224,140.11337
3225,173.45656
3226,84.017296
3227,301.36972
3228,427.06094
3229,272.3452
3230,226.24176
3231,430.04074
3232,366.75378
3233,271.30414
3234,382.39224
3235,430.04074
3236,220.60762
3237,89.927635
3238,321.03226
3239,447.32474
3240,392.6812
3241,385.67963
3242,180.60286
3243,182.44566
3244,436.7802
3245,392.6812
3246,330.2305
3247,88.768555
3248,128.23624
3249,72.848755
3250,112.741295
3251,314.46313
3252,297.02765
3253,365.75693
3254,139.73814
3255,234.94469
3256,90.56404
3257,199.74088
3258,85.35001
3259,287.64606
3260,183.84793
3261,316.46393
3262,271.40622
3263,142.63174
3264,164.32846
3265,124.57682
3266,224.11813
3267,175.78001
3268,245.53604
3269,59.499905
3270,123.87258
3271,122.54863
3272,231.47157
3273,196.56038
3274,104.1053
3275,238.96928
3276,75.16294
3277,53.913284
3278,118.79095
3279,112.04026
3280,137.62202
3281,78.486115
3282,67.162605
3283,73.30233
3284,94.930214
3285,97.81719
3286,116.09362
3287,75.15731
3288,75.12804
3289,84.95296
3290,97.62852
3291,97.81719
3292,69.49662
3293,94.930214
3294,127.45302
3295,406.28497
3296,136.60764
3297,124.58496
3298,77.38648
3299,240.10486
3300,302.99216
3301,255.80428
3302,206.50392
3303,386.40823
3304,379.5934
3305,233.67702
3306,370.16083
3307,386.40823
3308,56.740074
3309,246.53653
3310,122.62602
3311,157.96329
3312,125.43792
3313,126.47848
3314,74.083824
3315,122.17154
3316,205.30042
3317,176.36201
3318,302.5703
3319,269.01846
3320,166.22531
3321,178.71297
3322,136.60529
3323,442.42075
3324,143.57396
3325,138.28549
3326,87.120384
3327,305.54147
3328,396.8346
3329,274.66348
3330,209.68228
3331,422.38754
3332,357.1462
3333,277.94592
3334,356.45764
3335,422.38754
3336,127.681244
3337,401.20288
3338,130.25052
3339,125.95511
3340,80.34264
3341,239.81126
3342,366.9406
3343,253.93452
3344,200.0541
3345,391.33127
3346,314.6016
3347,259.18396
3348,328.53564
3349,391.33127
3350,117.92452
3351,126.28346
3352,221.616
3353,115.435295
3354,196.48831
3355,175.08745
3356,78.92314
3357,190.16795
3358,378.05115
3359,398.56467
3360,308.69028
3361,419.71887
3362,485.91965
3363,495.49033
3364,303.03336
3365,430.55164
3366,455.0768
3367,395.63614
3368,109.08311
3369,128.65622
3370,196.60995
3371,336.71527
3372,109.75748
3373,109.92183
3374,62.115433
3375,68.66951
3376,140.05746
3377,126.1436
3378,189.63054
3379,80.589325
3380,107.37381
3381,68.43246
3382,467.66925
3383,474.44473
3384,365.56198
3385,456.64102
3386,474.44473
3387,513.39374
3388,340.90247
3389,364.12256
3390,458.4123
3391,397.01877
3392,60.982193
3393,258.69748
3394,122.36335
3395,113.938965
3396,156.28728
3397,72.33483
3398,64.931335
3399,204.5405
3400,118.013405
3401,65.08676
3402,128.35786
3403,128.35786
3404,54.424465
3405,231.02377
3406,113.74951
3407,101.957985
3408,85.145996
3409,130.68144
3410,49.098167
3411,77.760155
3412,113.74089
3413,237.85893
3414,317.09927
3415,334.73932
3416,348.4631
3417,320.1525
3418,370.2369
3419,471.13904
3420,487.5773
3421,341.1189
3422,398.57132
3423,452.3228
3424,400.7484
3425,183.58127
3426,152.42125
3427,161.91113
3428,135.6815
3429,118.51366
3430,186.05074
3431,274.87064
3432,73.59077
3433,114.86207
3434,151.24425
3435,73.22352
3436,65.19669
3437,203.57991
3438,120.244415
3439,67.28691
3440,136.50716
3441,136.50227
3442,155.1416
3443,152.20155
3444,162.38773
3445,71.85016
3446,133.90665
3447,342.7724
3448,359.99557
3449,269.11237
3450,342.7724
3451,160.68652
3452,323.8916
3453,257.46426
3454,134.05313
3455,76.614555
3456,369.76794
3457,392.80182
3458,273.47974
3459,369.76794
3460,164.03058
3461,378.22766
3462,245.35486
3463,156.83516
3464,78.36899
3465,103.59821
3466,109.07245
3467,60.45361
3468,75.95739
3469,134.70326
3470,123.346115
3471,184.55614
3472,77.66262
3473,110.699104
3474,66.37897
3475,117.6602
3476,151.74118
3477,151.74118
3478,151.50974
3479,169.49185
3480,149.86696
3481,221.77605
3482,69.64076
3483,66.298775
3484,137.13289
3485,248.77364
3486,82.032455
3487,176.67293
3488,140.89665
3489,446.44702
3490,147.2219
3491,137.48526
3492,86.0401
3493,264.80338
3494,340.7383
3495,275.46582
3496,227.81384
3497,425.17758
3498,418.27716
3499,259.71716
3500,411.85913
3501,425.17758
3502,149.1473
3503,155.33621
3504,51.26971
3505,101.75609
3506,120.46192
3507,129.89667
3508,68.118225
3509,67.21867
3510,76.51934
3511,125.927185
3512,413.32916
3513,132.00813
3514,129.9479
3515,80.09986
3516,290.28857
3517,364.88193
3518,253.14314
3519,193.80821
3520,399.71878
3521,324.53317
3522,260.7164
3523,324.47498
3524,399.71878
3525,75.85702
3526,122.05031
3527,190.53992
3528,335.49435
3529,99.832535
3530,120.1487
3531,183.53217
3532,316.18594
3533,351.8495
3534,370.035
3535,267.12433
3536,351.8495
3537,159.14514
3538,328.68073
3539,265.68936
3540,131.77374
3541,75.43478
3542,90.91304
3543,57.917194
3544,117.70145
3545,44.80151
3546,261.02997
3547,136.76797
3548,163.37402
3549,122.44781
3550,55.561493
3551,236.9646
3552,113.86923
3553,116.695694
3554,157.576
3555,68.00321
3556,69.33156
3557,221.97675
3558,116.695694
3559,72.57405
3560,138.87215
3561,141.43272
3562,107.38773
3563,153.3223
3564,79.10358
3565,90.46762
3566,69.389305
3567,112.98002
3568,108.49775
3569,144.66704
3570,103.47646
3571,90.46762
3572,297.11392
3573,305.1885
3574,328.16614
3575,125.359764
3576,221.20625
3577,89.63276
3578,183.09991
3579,84.27196
3580,274.85504
3581,178.00418
3582,304.87665
3583,111.090935
3584,65.28065
3585,131.01744
3586,50.088463
3587,129.4911
3588,425.1999
3589,142.63365
3590,126.90437
3591,82.3657
3592,285.0091
3593,415.27032
3594,259.49286
3595,214.29753
3596,404.36517
3597,376.05743
3598,217.54366
3599,400.17917
3600,404.36517
3601,340.756
3602,353.713
3603,255.97498
3604,340.756
3605,153.6674
3606,313.43738
3607,255.3955
3608,127.2633
3609,72.05063
3610,55.056576
3611,226.31308
3612,112.59436
3613,99.587776
3614,63.995575
3615,54.8745
3616,91.4664
3617,102.16116
3618,95.6895
3619,115.57111
3620,176.99994
3621,316.58408
3622,298.73212
3623,169.79495
3624,182.93916
3625,137.21313
3626,182.31921
3627,138.41994
3628,162.29839
3629,127.354965
3630,117.95686
3631,169.45872
3632,272.6143
3633,76.355865
3634,89.90076
3635,64.62969
3636,58.77778
3637,91.773125
3638,98.59735
3639,346.34402
3640,354.3358
3641,254.96524
3642,346.34402
3643,155.29503
3644,313.18744
3645,252.53947
3646,128.09024
3647,72.52437
3648,217.89798
3649,82.31787
3650,293.69122
3651,431.22476
3652,366.65256
3653,374.37668
3654,157.31444
3655,172.59628
3656,404.19034
3657,366.65256
3658,301.52753
3659,83.55867
3660,150.11794
3661,160.09349
3662,247.73807
3663,152.35019
3664,166.58055
3665,152.35019
3666,97.84667
3667,58.47441
3668,118.594215
3669,44.507187
3670,144.5315
3671,125.29893
3672,188.78003
3673,99.063194
3674,197.34097
3675,171.76065
3676,74.8406
3677,178.24684
3678,310.5927
3679,344.56995
3680,325.38712
3681,145.92278
3682,221.94087
3683,85.87963
3684,163.32175
3685,93.94839
3686,325.05432
3687,182.63846
3688,342.21484
3689,236.23004
3690,149.01584
3691,160.72446
3692,127.21476
3693,274.7172
3694,145.82039
3695,170.67757
3696,126.51521
3697,54.018303
3698,103.23291
3699,94.34848
3700,139.94905
3701,64.13497
3702,64.444595
3703,71.21063
3704,181.18796
3705,155.96365
3706,161.05664
3707,129.69044
3708,116.09622
3709,171.10359
3710,253.46709
3711,71.8505
3712,292.20258
3713,175.68123
3714,182.53607
3715,133.18529
3716,382.94238
3717,420.75244
3718,300.61404
3719,412.6773
3720,420.75244
3721,416.2114
3722,275.40448
3723,311.45068
3724,412.40152
3725,327.84863
3726,96.44814
3727,117.30537
3728,184.58113
3729,322.32886
3730,55.17045
3731,230.03741
3732,115.38818
3733,98.51943
3734,105.85985
3735,61.318596
3736,65.36033
3737,125.84777
3738,114.29517
3739,179.59381
3740,64.94087
3741,103.69464
3742,62.381416
3743,103.74756
3744,68.39758
3745,49.7944
3746,92.28955
3747,104.574875
3748,225.28989
3749,80.62084
3750,269.94904
3751,416.55743
3752,376.40277
3753,353.4372
3754,168.83679
3755,172.72026
3756,401.34332
3757,376.40277
3758,299.23795
3759,82.315674
3760,105.092155
3761,125.42231
3762,193.69319
3763,330.0608
3764,259.77698
3765,169.18744
3766,171.4049
3767,128.77898
3768,139.48616
3769,126.88205
3770,219.13115
3771,106.69974
3772,212.43112
3773,176.63823
3774,79.00869
3775,187.71051
3776,82.91909
3777,39.329792
3778,110.63267
3779,149.38466
3780,65.91087
3781,67.857414
3782,212.17448
3783,110.63267
3784,68.7603
3785,129.72966
3786,132.16206
3787,92.3326
3788,98.07458
3789,55.615433
3790,67.327194
3791,114.89668
3792,108.89882
3793,163.7515
3794,68.56177
3795,95.09445
3796,59.79257
3797,112.56542
3798,155.91026
3799,146.34198
3800,143.621
3801,162.4173
3802,147.67392
3803,202.58424
3804,67.57978
3805,66.84802
3806,133.03822
3807,225.58485
3808,89.617546
3809,150.7775
3810,156.66945
3811,122.809235
3812,121.6106
3813,173.24156
3814,123.23506
3815,173.67546
3816,149.3373
3817,114.23965
3818,92.9016
3819,92.710335
3820,133.18509
3821,74.11248
3822,70.604836
3823,96.57875
3824,90.28408
3825,92.710335
3826,65.456665
3827,92.9016
3828,54.831577
3829,242.92125
3830,117.48321
3831,115.012566
3832,400.19406
3833,139.30205
3834,258.76212
3835,239.25798
3836,90.25283
3837,316.03897
3838,469.59103
3839,386.33618
3840,402.0254
3841,170.00754
3842,185.09065
3843,440.56226
3844,386.33618
3845,317.75922
3846,91.024734
3847,104.77922
3848,61.405674
3849,125.38523
3850,47.995846
3851,127.68326
3852,419.91003
3853,134.26405
3854,133.3699
3855,79.33445
3856,282.74463
3857,360.2894
3858,257.2641
3859,198.27968
3860,396.18192
3861,337.5773
3862,265.5441
3863,337.49683
3864,396.18192
3865,175.79503
3866,121.04018
3867,132.82492
3868,85.79331
3869,128.18379
3870,201.3209
3871,170.45537
3872,277.44647
3873,272.26498
3874,163.62436
3875,161.61362
3876,57.677727
3877,261.614
3878,121.59901
3879,325.73593
3880,356.56766
3881,328.88312
3882,136.4244
3883,218.69533
3884,85.21813
3885,158.05151
3886,85.4462
3887,327.72342
3888,178.90285
3889,338.99454
3890,147.48933
3891,84.36616
3892,97.46878
3893,164.68536
3894,92.33291
3895,171.8611
3896,143.09137
3897,112.40762
3898,88.49423
3899,42.11858
3900,40.542694
3901,121.62783
3902,147.82468
3903,148.46335
3904,148.93074
3905,186.70714
3906,149.9135
3907,217.82994
3908,68.62768
3909,69.83033
3910,138.79872
3911,245.50407
3912,85.578316
3913,184.02896
3914,90.79987
3915,48.959625
3916,46.459293
3917,247.5528
3918,81.46742
3919,254.53654
3920,373.4157
3921,354.43024
3922,402.42838
3923,145.7889
3924,143.6699
3925,372.9251
3926,354.43024
3927,249.58682
3928,81.41158
3929,197.98709
3930,155.25127
3931,266.50104
3932,53.0524
3933,127.31659
3934,131.06168
3935,233.86006
3936,209.52547
3937,109.633095
3938,238.0617
3939,75.2989
3940,133.94414
3941,436.07452
3942,148.92477
3943,148.92477
3944,81.80219
3945,302.61127
3946,441.28363
3947,266.37158
3948,249.01562
3949,419.7907
3950,396.5866
3951,240.59607
3952,424.65018
3953,419.7907
3954,107.25626
3955,147.76942
3956,82.395905
3957,102.5239
3958,71.77387
3959,88.52951
3960,95.08892
3961,150.75183
3962,87.16115
3963,109.710335
3964,462.86346
3965,506.79544
3966,344.68448
3967,444.76205
3968,506.79544
3969,490.28757
3970,327.2398
3971,352.3016
3972,508.97043
3973,373.72583
3974,61.396507
3975,246.24646
3976,123.33335
3977,297.16394
3978,97.387665
3979,323.71634
3980,487.07166
3981,465.88754
3982,491.0332
3983,171.65315
3984,167.6175
3985,457.6937
3986,465.88754
3987,323.61032
3988,90.9342
3989,148.76268
3990,87.664955
3991,112.41367
3992,159.35373
3993,96.22925
3994,164.86467
3995,133.56
3996,113.7327
3997,134.88934
3998,442.4604
3999,148.11008
4000,131.15451
4001,85.49148
4002,297.27362
4003,432.85388
4004,269.5922
4005,225.35274
4006,420.09808
4007,392.86758
4008,224.8845
4009,417.85275
4010,420.09808
4011,342.46704
4012,382.86862
4013,283.02505
4014,391.25812
4015,459.1143
4016,461.47968
4017,289.51282
4018,407.08917
4019,422.9194
4020,369.7082
4021,99.0332
4022,43.06455
4023,47.834896
4024,343.45627
4025,369.67523
4026,270.89954
4027,343.45627
4028,157.0599
4029,328.4152
4030,206.23793
4031,127.29104
4032,74.45156
4033,267.19415
4034,86.954994
4035,290.08987
4036,429.183
4037,420.39526
4038,436.5214
4039,159.85222
4040,152.2745
4041,406.62415
4042,420.39526
4043,286.04465
4044,83.14116
4045,86.17555
4046,317.36218
4047,132.684
4048,207.48265
4049,77.72227
4050,114.1485
4051,244.01474
4052,308.892
4053,82.38046
4054,93.80425
4055,130.88326
4056,164.17564
4057,110.603546
4058,124.062035
4059,91.209564
4060,86.70145
4061,191.37335
4062,166.49042
4063,119.63184
4064,128.94328
4065,83.26518
4066,124.940186
4067,192.33153
4068,160.57439
4069,261.66742
4070,251.3518
4071,161.15942
4072,149.36963
4073,180.89357
4074,151.57196
4075,164.11984
4076,134.71231
4077,114.04833
4078,182.92346
4079,267.64005
4080,70.67416
4081,340.99335
4082,367.64062
4083,225.43271
4084,340.99335
4085,152.63281
4086,364.42932
4087,224.35774
4088,136.24379
4089,75.50438
4090,194.59134
4091,159.01868
4092,160.27925
4093,135.55411
4094,109.73293
4095,201.85487
4096,303.319
4097,73.80855
4098,94.52072
4099,53.915215
4100,58.979836
4101,110.89146
4102,115.14898
4103,285.29697
4104,94.384026
4105,290.91562
4106,457.50345
4107,416.50958
4108,460.17752
4109,169.6526
4110,165.78204
4111,433.4318
4112,416.50958
4113,294.11557
4114,91.374985
4115,94.62823
4116,90.570435
4117,135.8729
4118,91.16917
4119,69.42528
4120,87.52102
4121,100.11528
4122,91.71324
4123,60.98414
4124,100.11528
4125,221.99654
4126,174.17107
4127,277.39197
4128,52.6534
4129,142.3622
4130,132.14177
4131,241.54776
4132,263.78082
4133,114.94348
4134,219.15047
4135,79.595795
4136,366.97403
4137,390.7398
4138,288.46277
4139,366.97403
4140,144.0057
4141,373.0322
4142,273.8378
4143,114.118996
4144,76.64488
4145,61.63052
4146,108.038536
4147,69.698235
4148,122.668015
4149,75.35543
4150,75.35543
4151,366.45853
4152,359.47205
4153,333.65012
4154,142.42725
4155,227.33409
4156,87.70672
4157,180.52072
4158,86.076706
4159,347.89545
4160,179.45059
4161,357.6092
4162,116.72218
4163,160.05106
4164,139.42299
4165,145.52039
4166,168.89774
4167,157.25827
4168,190.3003
4169,81.97431
4170,64.560974
4171,132.46667
4172,188.06996
4173,78.48417
4174,154.73724
4175,55.89459
4176,118.44118
4177,109.88981
4178,137.04143
4179,80.67772
4180,68.668
4181,74.95546
4182,109.10371
4183,352.95367
4184,147.22963
4185,227.93956
4186,57.155132
4187,233.65039
4188,117.91339
4189,108.82044
4190,154.55319
4191,153.48468
4192,155.0487
4193,172.18494
4194,152.82384
4195,227.20253
4196,70.89811
4197,71.035736
4198,138.70319
4199,216.37009
4200,89.92005
4201,163.21129
4202,346.8529
4203,354.96756
4204,320.5978
4205,376.0214
4206,475.07318
4207,494.78958
4208,345.48666
4209,404.3052
4210,461.33624
4211,398.37503
4212,183.21712
4213,162.10286
4214,158.7573
4215,126.97889
4216,112.395134
4217,187.65584
4218,290.75046
4219,70.38866
4220,94.800934
4221,62.614044
4222,124.66863
4223,46.67633
4224,260.5065
4225,157.77667
4226,173.3441
4227,157.77667
4228,109.10907
4229,64.35259
4230,127.08962
4231,49.849907
4232,143.37009
4233,156.4378
4234,89.67256
4235,306.96777
4236,125.48488
4237,206.39131
4238,303.81522
4239,282.73276
4240,347.62598
4241,134.02132
4242,228.21645
4243,90.15326
4244,193.2066
4245,82.161995
4246,267.41083
4247,178.73657
4248,302.5397
4249,124.99387
4250,404.06586
4251,140.4927
4252,140.4927
4253,75.227264
4254,281.6023
4255,408.6813
4256,240.90913
4257,234.6113
4258,391.19302
4259,377.01062
4260,224.20995
4261,402.5487
4262,391.19302
4263,220.44884
4264,168.78108
4265,289.16595
4266,59.36631
4267,137.69666
4268,142.53786
4269,245.58931
4270,223.3696
4271,119.48641
4272,251.80298
4273,82.65688
4274,263.59625
4275,167.01466
4276,180.32733
4277,167.01466
4278,205.63814
4279,161.14314
4280,251.99564
4281,43.501823
4282,133.13652
4283,124.470535
4284,224.79294
4285,243.8855
4286,108.63261
4287,205.13025
4288,74.90137
4289,286.98282
4290,154.79385
4291,180.3613
4292,131.23083
4293,294.47806
4294,306.0384
4295,321.48016
4296,147.88475
4297,216.06378
4298,87.547195
4299,189.71103
4300,80.86301
4301,290.11035
4302,183.97852
4303,307.36807
4304,376.4586
4305,408.27246
4306,247.84299
4307,376.4586
4308,165.72664
4309,393.84216
4310,237.72083
4311,154.08423
4312,85.60754
4313,264.1529
4314,159.71866
4315,165.83945
4316,135.44498
4317,89.45531
4318,58.999443
4319,120.04167
4320,45.559658
4321,55.711067
4322,231.14024
4323,112.44225
4324,70.71222
4325,78.40808
4326,119.27607
4327,97.929245
4328,83.22021
4329,70.71222
4330,72.11669
4331,72.11669
4332,54.69991
4333,241.41707
4334,115.40822
4335,109.68303
4336,137.77461
4337,137.77461
4338,135.5234
4339,172.11868
4340,143.79471
4341,210.17198
4342,64.092445
4343,64.373245
4344,129.61942
4345,238.91528
4346,78.39855
4347,174.48187
4348,164.50587
4349,126.42512
4350,127.98505
4351,73.255196
4352,114.896904
4353,208.96294
4354,171.77196
4355,313.15683
4356,298.6394
4357,166.99364
4358,187.4799
4359,116.53671
4360,162.67377
4361,68.1292
4362,71.92383
4363,222.98744
4364,119.53696
4365,70.43959
4366,141.15575
4367,141.15575
4368,78.40027
4369,81.335335
4370,123.062065
4371,80.91369
4372,84.325096
4373,78.40027
4374,76.66747
4375,76.66747
4376,79.68993
4377,118.15761
4378,240.06308
4379,312.4364
4380,363.22324
4381,392.23807
4382,288.48532
4383,363.22324
4384,166.5796
4385,346.2212
4386,220.54399
4387,136.99968
4388,77.18847
4389,145.60353
4390,112.32548
4391,115.1212
4392,165.1676
4393,92.8095
4394,161.76212
4395,141.09627
4396,107.97416
4397,104.8229
4398,147.90894
4399,74.60604
4400,105.064644
4401,73.15323
4402,109.50843
4403,104.29272
4404,135.16904
4405,95.065796
4406,105.064644
4407,71.541794
4408,80.300095
4409,110.83236
4410,89.565125
4411,70.810104
4412,86.57821
4413,71.541794
4414,71.541794
4415,60.745457
4416,70.869316
4417,54.945324
4418,227.07158
4419,112.9211
4420,367.46222
4421,401.6437
4422,292.87997
4423,367.46222
4424,168.03995
4425,347.24808
4426,224.51004
4427,140.57191
4428,79.71734
4429,140.47
4430,104.67829
4431,102.53759
4432,174.11012
4433,100.83311
4434,103.31899
4435,127.83647
4436,97.147835
4437,200.72574
4438,204.4077
4439,169.87553
4440,168.41882
4441,139.00916
4442,122.117546
4443,209.31277
4444,317.49203
4445,76.84751
4446,144.5925
4447,153.33801
4448,256.38065
4449,165.02103
4450,264.45346
4451,48.63987
4452,130.4499
4453,132.16245
4454,221.96129
4455,245.76901
4456,110.03254
4457,223.6772
4458,76.2869
4459,67.97286
4460,117.01905
4461,212.02086
4462,317.73648
4463,104.42105
4464,105.78502
4465,156.15453
4466,169.9799
4467,113.54072
4468,128.10081
4469,104.02794
4470,92.58311
4471,194.99669
4472,113.67908
4473,135.9482
4474,190.09424
4475,183.2075
4476,93.77661
4477,111.390045
4478,98.16015
4479,100.9143
4480,204.0181
4481,176.6801
4482,151.51668
4483,154.68842
4484,109.56217
4485,110.6228
4486,156.22954
4487,238.8491
4488,71.76802
4489,218.15207
4490,85.09794
4491,255.04646
4492,434.5675
4493,365.3567
4494,345.03735
4495,151.2454
4496,134.59302
4497,399.31796
4498,365.3567
4499,291.25262
4500,80.95012
4501,115.76311
4502,164.65404
4503,152.96988
4504,150.15752
4505,175.74884
4506,161.96982
4507,206.94356
4508,86.179214
4509,70.605576
4510,138.3876
4511,198.23024
4512,81.69203
4513,158.53104
4514,126.2409
4515,409.12958
4516,132.58826
4517,160.63474
4518,74.08584
4519,286.58777
4520,399.28256
4521,253.44098
4522,193.17352
4523,397.60852
4524,350.12933
4525,246.92924
4526,356.09256
4527,397.60852
4528,97.594955
4529,66.13109
4530,119.25958
4531,45.94054
4532,87.98952
4533,328.0402
4534,135.44925
4535,213.58403
4536,265.00156
4537,88.52099
4538,276.12494
4539,423.34613
4540,387.761
4541,442.41714
4542,161.60753
4543,156.89447
4544,405.0101
4545,387.761
4546,275.8324
4547,85.43545
4548,125.571495
4549,64.00137
4550,108.461075
4551,134.2181
4552,77.79175
4553,119.57316
4554,85.06439
4555,51.025455
4556,56.80697
4557,109.85125
4558,113.86092
4559,58.66885
4560,235.22325
4561,119.77631
4562,102.817696
4563,104.588486
4564,61.891563
4565,131.52678
4566,116.91542
4567,61.891563
4568,62.762997
4569,99.872154
4570,118.53666
4571,185.0399
4572,312.0502
4573,226.75078
4574,165.88127
4575,86.99497
4576,144.61903
4577,183.22429
4578,154.90985
4579,115.39171
4580,82.00082
4581,114.3644
4582,84.0219
4583,96.16636
4584,117.28954
4585,108.66167
4586,124.58579
4587,164.66786
4588,88.5853
4589,94.294556
4590,111.446785
4591,90.53248
4592,196.17572
4593,145.84236
4594,159.5715
4595,178.11499
4596,135.14357
4597,160.07892
4598,123.14149
4599,117.37743
4600,165.69336
4601,264.77786
4602,72.311035
4603,87.13962
4604,126.03471
4605,262.4892
4606,337.54898
4607,150.39055
4608,154.55296
4609,220.14368
4610,174.47922
4611,271.55432
4612,58.21537
4613,132.06046
4614,150.50992
4615,246.9083
4616,239.07129
4617,113.37949
4618,252.05356
4619,78.86957
4620,349.2774
4621,375.26102
4622,292.81418
4623,395.30972
4624,457.15497
4625,462.03455
4626,289.2549
4627,417.67166
4628,423.3851
4629,370.5543
4630,90.7055
4631,79.059715
4632,124.69669
4633,49.570522
4634,356.55814
4635,386.1211
4636,278.28555
4637,356.55814
4638,141.59056
4639,360.985
4640,266.30353
4641,112.68583
4642,74.652985
4643,247.84216
4644,90.05066
4645,296.79688
4646,462.25027
4647,409.25015
4648,386.2056
4649,183.46794
4650,188.9634
4651,442.45978
4652,409.25015
4653,327.47162
4654,91.87524
4655,361.77646
4656,388.29626
4657,274.32358
4658,361.77646
4659,167.09528
4660,347.3834
4661,274.0255
4662,138.08116
4663,78.0252
4664,254.61327
4665,150.51459
4666,183.65569
4667,161.71114
4668,58.03773
4669,246.86922
4670,120.382965
4671,75.57321
4672,117.14785
4673,227.1242
4674,315.74286
4675,124.93339
4676,414.72653
4677,139.58118
4678,139.58118
4679,77.67107
4680,294.17352
4681,414.96945
4682,250.61913
4683,238.82007
4684,396.9224
4685,373.98022
4686,230.04344
4687,396.0956
4688,396.9224
4689,53.685314
4690,226.48915
4691,113.87694
4692,103.4852
4693,124.369026
4694,191.25876
4695,339.29276
4696,86.689575
4697,313.07516
4698,92.33872
4699,208.55351
4700,86.83343
4701,128.32256
4702,262.40988
4703,329.01834
4704,105.345924
4705,62.630886
4706,127.54902
4707,48.77232
4708,232.86125
4709,162.02466
4710,177.86427
4711,162.02466
4712,128.16594
4713,132.63025
4714,252.74657
4715,128.90184
4716,271.42786
4717,183.41931
4718,82.804306
4719,214.96143
4720,111.29904
4721,112.868774
4722,59.968655
4723,77.83346
4724,131.03981
4725,123.555084
4726,193.7354
4727,59.817062
4728,101.43635
4729,66.10309
4730,95.24915
4731,102.01863
4732,152.3658
4733,182.81473
4734,126.28756
4735,133.86272
4736,102.595055
4737,95.85578
4738,204.9744
4739,215.80164
4740,81.24362
4741,288.10812
4742,419.9581
4743,353.01157
4744,369.71683
4745,159.84314
4746,168.38847
4747,403.73093
4748,353.01157
4749,291.70267
4750,80.08699
4751,101.17453
4752,97.85614
4753,59.251263
4754,72.21043
4755,133.32724
4756,110.91267
4757,177.32433
4758,73.088066
4759,107.54002
4760,67.022415
4761,141.28598
4762,136.4642
4763,207.30188
4764,118.70562
4765,233.26033
4766,188.00809
4767,82.34842
4768,193.48697
4769,97.410515
4770,91.89333
4771,58.851562
4772,116.800964
4773,107.19195
4774,55.66815
4775,55.460644
4776,115.4337
4777,154.15773
4778,78.56254
4779,52.923477
4780,217.98633
4781,116.89162
4782,76.039795
4783,138.44337
4784,140.66707
4785,119.86716
4786,163.07593
4787,70.5441
4788,72.70806
4789,221.22682
4790,122.67228
4791,71.48634
4792,142.23083
4793,142.23083
4794,253.92665
4795,161.65115
4796,269.6327
4797,45.94181
4798,138.08722
4799,138.55194
4800,226.75163
4801,255.27022
4802,108.016594
4803,230.98698
4804,75.56719
4805,103.64056
4806,145.48833
4807,164.7812
4808,187.09393
4809,100.06688
4810,114.51851
4811,103.548485
4812,102.50034
4813,206.63306
4814,85.03734
4815,46.283485
4816,45.4312
4817,55.2835
4818,229.11436
4819,112.914696
4820,359.80197
4821,382.73993
4822,259.16208
4823,359.80197
4824,158.3661
4825,361.1017
4826,210.49814
4827,151.3275
4828,80.00961
4829,342.84204
4830,368.50256
4831,223.43138
4832,342.84204
4833,150.70943
4834,359.93994
4835,221.93135
4836,136.71939
4837,74.83814
4838,153.69048
4839,131.26056
4840,206.88141
4841,108.228745
4842,216.76054
4843,185.3717
4844,77.6564
4845,196.03012
4846,85.37831
4847,124.60189
4848,254.64946
4849,344.02292
4850,91.0187
4851,95.258965
4852,132.3129
4853,86.52377
4854,74.1613
4855,94.44656
4856,95.01255
4857,95.258965
4858,65.330666
4859,91.0187
4860,399.72394
4861,501.7512
4862,315.92493
4863,451.91406
4864,501.7512
4865,495.1986
4866,340.52066
4867,424.37955
4868,465.7807
4869,378.6124
4870,163.8904
4871,113.60543
4872,165.35965
4873,178.26198
4874,149.41116
4875,112.77092
4876,70.25222
4877,120.19815
4878,93.204834
4879,142.20323
4880,67.09756
4881,101.88135
4882,79.90001
4883,113.08922
4884,235.62828
4885,309.75662
4886,105.29665
4887,70.22533
4888,129.24701
4889,49.004574
4890,98.30873
4891,67.60505
4892,131.21281
4893,49.873898
4894,319.76236
4895,366.8965
4896,332.70358
4897,156.54683
4898,227.77255
4899,88.43998
4900,178.6938
4901,89.00583
4902,290.50946
4903,183.6035
4904,345.25674
4905,79.722885
4906,38.930416
4907,125.92178
4908,160.40755
4909,67.918175
4910,67.315636
4911,222.52454
4912,120.81334
4913,69.50557
4914,138.27039
4915,138.27039
4916,149.01038
4917,106.12752
4918,145.68333
4919,168.31517
4920,99.945564
4921,119.839096
4922,111.847824
4923,93.432884
4924,199.22789
4925,136.39238
4926,107.483536
4927,102.51188
4928,156.02347
4929,99.15729
4930,95.68494
4931,120.627464
4932,90.04984
4933,185.86621
4934,163.7177
4935,117.5402
4936,126.314964
4937,76.32507
4938,132.03778
4939,185.25003
4940,170.88768
4941,296.58508
4942,263.01868
4943,168.00758
4944,159.46213
4945,164.23415
4946,112.50264
4947,130.63864
4948,71.051796
4949,132.36243
4950,203.7281
4951,174.04538
4952,286.5368
4953,280.7982
4954,166.88354
4955,174.04538
4956,223.1054
4957,84.73946
4958,257.46768
4959,446.93777
4960,371.55344
4961,349.84244
4962,154.48547
4963,138.64342
4964,406.89783
4965,371.55344
4966,292.59268
4967,83.86263
4968,156.12907
4969,100.67504
4970,109.69543
4971,177.6118
4972,105.30238
4973,179.21117
4974,150.8466
4975,113.27882
4976,150.1132
4977,121.60081
4978,130.15659
4979,151.62349
4980,91.62931
4981,185.7737
4982,142.69188
4983,96.83071
4984,157.838
4985,97.40272
4986,103.44499
4987,171.11174
4988,112.81889
4989,174.14906
4990,162.23424
4991,96.76674
4992,70.74938
4993,122.64263
4994,216.62456
4995,332.55908
4996,261.39505
4997,83.93444
4998,257.78735
4999,458.35352
5000,425.7911
5001,460.07196
5002,143.11163
5003,136.75597
5004,427.91974
5005,425.7911
5006,302.06244
5007,85.93067
5008,124.16507
5009,405.668
5010,138.65254
5011,138.65254
5012,78.319115
5013,280.4695
5014,409.10986
5015,239.17609
5016,233.65764
5017,386.87503
5018,370.6902
5019,222.81897
5020,393.06787
5021,386.87503
5022,133.92421
5023,438.02264
5024,147.60548
5025,119.80127
5026,81.56686
5027,289.60226
5028,428.08932
5029,266.00934
5030,219.3237
5031,417.9506
5032,395.52994
5033,215.99867
5034,424.10867
5035,417.9506
5036,57.043884
5037,242.00385
5038,121.535995
5039,118.452415
5040,133.73761
5041,227.77951
5042,123.85297
5043,222.33745
5044,178.32906
5045,81.68541
5046,202.28674
5047,54.52702
5048,94.78272
5049,104.58684
5050,122.935265
5051,71.252174
5052,70.86979
5053,75.96112
5054,251.68378
5055,156.84279
5056,173.08286
5057,156.84279
5058,124.10611
5059,152.2456
5060,150.51883
5061,150.88007
5062,185.63069
5063,152.2798
5064,222.30003
5065,68.97454
5066,70.727394
5067,141.39369
5068,252.08397
5069,87.37733
5070,187.18405
5071,50.251293
5072,111.427765
5073,93.93401
5074,128.01276
5075,73.990974
5076,62.629185
5077,67.1806
5078,206.59995
5079,159.09468
5080,285.5135
5081,55.654934
5082,131.93268
5083,136.15567
5084,237.66348
5085,213.68988
5086,115.316025
5087,242.93654
5088,78.01132
5089,353.06192
5090,391.15924
5091,355.43268
5092,149.01755
5093,243.22585
5094,90.683266
5095,174.06339
5096,97.6721
5097,356.1595
5098,196.51764
5099,373.70462
5100,221.88214
5101,169.96547
5102,268.69308
5103,64.55756
5104,131.89764
5105,130.0224
5106,242.15228
5107,188.5036
5108,112.2585
5109,243.67046
5110,79.43204
5111,50.36434
5112,104.95684
5113,120.0435
5114,132.32362
5115,65.09458
5116,64.43273
5117,76.42821
5118,173.48543
5119,174.09502
5120,98.60982
5121,58.101723
5122,117.13388
5123,45.09799
5124,97.26153
5125,59.208023
5126,118.72418
5127,45.136078
5128,171.513
5129,122.17899
5130,131.55602
5131,83.80107
5132,134.4785
5133,203.9966
5134,174.20778
5135,302.9864
5136,321.86963
5137,184.37459
5138,183.91264
5139,57.762196
5140,257.42816
5141,121.35763
5142,95.58826
5143,62.11345
5144,118.667984
5145,44.94612
5146,86.6754
5147,88.89143
5148,121.355316
5149,80.49235
5150,66.764175
5151,89.28565
5152,89.157936
5153,88.89143
5154,61.537342
5155,86.6754
5156,163.73065
5157,112.20225
5158,131.9396
5159,71.54974
5160,132.23146
5161,205.37512
5162,175.02435
5163,283.6452
5164,281.09787
5165,166.89078
5166,175.02435
5167,127.859085
5168,123.624565
5169,196.52026
5170,111.8145
5171,217.59377
5172,175.5444
5173,74.70526
5174,177.00348
5175,56.070984
5176,118.1015
5177,97.07763
5178,142.2265
5179,69.118256
5180,69.28975
5181,77.50768
5182,57.770046
5183,107.513054
5184,90.67574
5185,131.6932
5186,71.05332
5187,68.86737
5188,125.09613
5189,396.7381
5190,128.8162
5191,126.43645
5192,80.762314
5193,239.10127
5194,363.1673
5195,252.37299
5196,199.18675
5197,389.89206
5198,314.4339
5199,257.07892
5200,327.9878
5201,389.89206
5202,361.76886
5203,402.71573
5204,304.66028
5205,410.05453
5206,493.21274
5207,492.89465
5208,308.53796
5209,421.42288
5210,445.39853
5211,394.48364
5212,90.87078
5213,88.239685
5214,129.43375
5215,73.767136
5216,90.9698
5217,92.65863
5218,90.87078
5219,77.67718
5220,246.35509
5221,137.88622
5222,168.445
5223,143.67046
5224,466.1949
5225,468.83658
5226,364.74362
5227,445.45035
5228,468.83658
5229,493.21133
5230,333.9763
5231,364.45224
5232,458.50916
5233,386.71643
5234,414.2613
5235,466.54535
5236,338.54337
5237,455.5779
5238,466.54535
5239,453.71936
5240,303.1747
5241,341.93085
5242,450.78717
5243,368.55405
5244,99.69125
5245,91.62905
5246,58.71836
5247,64.6411
5248,137.0464
5249,112.51069
5250,173.56139
5251,76.131516
5252,100.417725
5253,64.52134
5254,200.55783
5255,162.93011
5256,169.62938
5257,140.48172
5258,124.18058
5259,206.93015
5260,318.91727
5261,75.1361
5262,138.30771
5263,128.4126
5264,211.82523
5265,106.16452
5266,203.48792
5267,172.13092
5268,70.076035
5269,184.63966
5270,113.997444
5271,112.44054
5272,64.90174
5273,62.922684
5274,157.9315
5275,124.098305
5276,183.91132
5277,83.94549
5278,109.55591
5279,63.184532
5280,69.307495
5281,120.256
5282,219.72765
5283,337.27206
5284,216.97076
5285,84.80474
5286,251.48152
5287,435.22675
5288,364.0151
5289,343.9163
5290,152.3042
5291,136.88025
5292,406.41672
5293,364.0151
5294,290.48535
5295,81.7908
5296,52.90019
5297,221.49187
5298,111.30748
5299,162.5287
5300,118.1166
5301,127.18777
5302,81.78928
5303,129.91785
5304,193.29378
5305,162.24646
5306,297.7834
5307,275.37888
5308,167.57417
5309,174.39021
5310,142.0897
5311,159.1258
5312,93.33741
5313,48.515987
5314,44.18755
5315,99.64411
5316,61.250507
5317,113.76991
5318,45.665417
5319,246.23882
5320,154.10333
5321,252.97456
5322,45.75424
5323,134.49287
5324,139.11565
5325,228.0212
5326,252.53465
5327,110.10743
5328,227.21217
5329,75.87348
5330,113.077576
5331,105.15907
5332,125.6928
5333,169.02713
5334,117.26745
5335,121.73871
5336,106.18578
5337,90.29988
5338,201.97484
5339,107.93385
5340,141.58981
5341,71.28677
5342,50.363174
5343,199.65431
5344,107.54249
5345,71.491325
5346,132.43465
5347,132.92775
5348,246.15958
5349,137.57681
5350,168.25146
5351,143.30133
5352,277.03268
5353,167.52368
5354,172.72627
5355,142.9697
5356,106.55717
5357,63.431618
5358,127.81983
5359,48.979275
5360,161.67096
5361,122.922424
5362,152.70366
5363,174.1215
5364,105.956764
5365,115.94071
5366,134.56279
5367,115.42759
5368,203.22328
5369,238.76746
5370,169.07791
5371,99.12235
5372,175.2917
5373,184.64442
5374,148.39575
5375,116.599525
5376,74.401695
5377,100.109215
5378,75.77528
5379,84.63782
5380,83.42081
5381,40.114185
5382,238.35896
5383,84.56335
5384,282.3687
5385,443.74036
5386,388.0166
5387,374.25443
5388,175.69815
5389,178.69865
5390,429.0578
5391,388.0166
5392,311.94992
5393,86.785576
5394,110.74477
5395,105.37622
5396,58.9212
5397,80.20045
5398,134.25374
5399,118.00243
5400,188.25174
5401,80.892166
5402,119.41464
5403,69.73746
5404,187.25316
5405,163.28368
5406,169.07098
5407,135.31975
5408,125.872856
5409,186.8271
5410,267.39844
5411,74.821335
5412,143.71725
5413,118.10471
5414,160.13853
5415,170.24605
5416,104.32798
5417,112.584694
5418,119.31828
5419,108.836685
5420,200.52197
5421,50.12442
5422,83.55234
5423,119.449326
5424,134.20631
5425,66.49935
5426,69.828636
5427,64.58854
5428,327.56845
5429,453.53745
5430,283.2804
5431,416.42914
5432,453.53745
5433,458.05176
5434,305.61636
5435,382.36234
5436,425.8165
5437,346.8443
5438,117.795044
5439,140.9248
5440,144.12881
5441,145.33003
5442,180.13156
5443,146.34708
5444,213.81586
5445,64.450584
5446,66.30753
5447,135.70033
5448,236.42499
5449,86.47523
5450,180.17279
5451,373.4134
5452,399.20392
5453,296.38422
5454,373.4134
5455,164.74184
5456,346.5925
5457,220.29984
5458,138.18016
5459,79.542145
5460,84.71546
5461,42.27753
5462,38.477257
5463,124.683136
5464,127.85238
5465,205.30962
5466,109.02898
5467,233.06532
5468,182.29427
5469,83.471695
5470,183.94061
5471,258.38113
5472,162.55374
5473,261.10892
5474,48.88704
5475,130.26964
5476,134.11171
5477,221.0326
5478,244.5073
5479,109.09211
5480,222.77084
5481,76.14593
5482,93.99311
5483,79.110176
5484,121.72948
5485,44.48018
5486,87.446266
5487,79.70821
5488,130.06017
5489,70.745674
5490,67.907684
5491,87.29978
5492,83.921196
5493,80.5912
5494,62.515327
5495,83.921196
5496,229.69017
5497,147.57515
5498,88.994194
5499,157.93106
5500,172.53883
5501,150.5802
5502,117.586
5503,69.581116
5504,117.35701
5505,76.40857
5506,83.54664
5507,139.42671
5508,429.71133
5509,137.7605
5510,166.5121
5511,77.29797
5512,306.89005
5513,422.29874
5514,276.19196
5515,206.91682
5516,422.8928
5517,384.7269
5518,266.84897
5519,393.8662
5520,422.8928
5521,124.66352
5522,417.90735
5523,138.0291
5524,122.49073
5525,78.79255
5526,279.0463
5527,415.64297
5528,251.04576
5529,204.4115
5530,399.43127
5531,377.7587
5532,209.28513
5533,401.45282
5534,399.43127
5535,142.67719
5536,105.255295
5537,73.0621
5538,107.790405
5539,110.76632
5540,143.5077
5541,92.44049
5542,110.226944
5543,100.35875
5544,89.25386
5545,141.73708
5546,85.43601
5547,74.95428
5548,93.95771
5549,95.10969
5550,91.823074
5551,66.288246
5552,95.10969
5553,150.74149
5554,94.31025
5555,100.435974
5556,159.31976
5557,108.680016
5558,174.63936
5559,150.36151
5560,91.82723
5561,158.2623
5562,112.441826
5563,119.733315
5564,176.1016
5565,97.64141
5566,179.73996
5567,153.57158
5568,109.75502
5569,92.58417
5570,42.40512
5571,41.058964
5572,127.527794
5573,409.86707
5574,132.54034
5575,166.91188
5576,78.14151
5577,286.8169
5578,402.1506
5579,256.22946
5580,211.17142
5581,402.45755
5582,349.18848
5583,253.55461
5584,361.6671
5585,402.45755
5586,114.374825
5587,147.71448
5588,84.057724
5589,105.55062
5590,78.15489
5591,101.9399
5592,99.375114
5593,141.40953
5594,93.23991
5595,107.42671
5596,119.427
5597,144.58208
5598,144.58208
5599,144.6518
5600,175.73409
5601,143.83153
5602,216.96777
5603,64.716446
5604,66.395676
5605,124.223816
5606,224.06064
5607,93.16138
5608,183.0979
5609,163.99124
5610,162.88156
5611,135.35182
5612,413.19263
5613,138.17786
5614,130.8659
5615,80.93503
5616,251.72314
5617,379.19434
5618,264.67715
5619,208.8909
5620,412.31482
5621,321.66217
5622,268.4051
5623,346.47025
5624,412.31482
5625,145.14914
5626,84.44142
5627,101.41633
5628,165.42448
5629,97.85274
5630,169.9068
5631,137.5591
5632,98.976364
5633,105.44765
5634,139.05736
5635,84.829216
5636,63.607986
5637,193.32133
5638,110.576706
5639,75.90848
5640,129.42264
5641,140.1321
5642,78.158394
5643,35.36769
5644,99.6481
5645,65.25152
5646,55.924206
5647,91.22944
5648,106.3879
5649,240.7788
5650,170.79456
5651,95.21392
5652,148.03165
5653,187.39294
5654,150.63881
5655,115.57894
5656,73.15019
5657,120.340836
5658,85.44327
5659,82.50402
5660,55.187054
5661,253.41258
5662,116.763214
5663,247.45401
5664,169.75351
5665,184.7716
5666,169.75351
5667,130.0263
5668,404.0932
5669,134.83969
5670,127.30008
5671,79.70244
5672,238.76689
5673,374.20908
5674,254.95467
5675,209.67729
5676,395.42453
5677,316.50317
5678,259.43704
5679,331.19623
5680,395.42453
5681,194.88728
5682,146.34972
5683,276.3585
5684,49.92215
5685,125.465614
5686,125.85407
5687,225.3174
5688,203.39488
5689,107.8716
5690,232.14583
5691,76.501755
5692,148.99886
5693,97.150795
5694,81.58019
5695,109.17537
5696,112.102196
5697,151.22385
5698,93.65426
5699,105.65214
5700,221.41109
5701,131.84721
5702,165.02756
5703,139.68172
5704,383.97437
5705,449.9048
5706,309.57574
5707,370.5631
5708,490.93112
5709,498.3118
5710,328.84894
5711,411.6045
5712,465.102
5713,399.425
5714,121.12892
5715,153.56815
5716,70.53047
5717,77.80488
5718,220.99898
5719,119.793045
5720,89.465546
5721,143.71355
5722,141.5599
5723,350.11664
5724,371.9592
5725,253.92957
5726,350.11664
5727,156.01155
5728,355.42133
5729,203.34679
5730,149.23251
5731,79.28907
5732,119.198006
5733,146.81796
5734,67.24788
5735,77.40512
5736,214.83836
5737,117.123665
5738,87.62178
5739,140.90001
5740,136.61174
5741,217.32675
5742,86.560165
5743,301.50555
5744,435.73822
5745,387.32523
5746,378.53568
5747,177.05371
5748,179.29407
5749,422.62103
5750,387.32523
5751,312.79163
5752,85.9519
5753,106.27078
5754,69.500465
5755,135.95512
5756,50.43667
5757,108.794754
5758,148.9071
5759,142.13654
5760,143.36168
5761,156.6882
5762,147.4503
5763,203.83052
5764,60.87249
5765,64.32998
5766,123.06823
5767,214.94083
5768,86.90948
5769,147.94449
5770,52.637535
5771,247.12526
5772,113.321335
5773,233.61241
5774,154.03862
5775,262.69156
5776,38.51282
5777,140.00392
5778,126.61654
5779,216.515
5780,240.2329
5781,109.81197
5782,224.99681
5783,76.65176
5784,118.78845
5785,71.08911
5786,91.869934
5787,348.32138
5788,369.45847
5789,276.2889
5790,348.32138
5791,143.2876
5792,353.27612
5793,260.17096
5794,116.57384
5795,71.85174
5796,136.60262
5797,446.35953
5798,139.87393
5799,138.63945
5800,87.69819
5801,305.1575
5802,396.25656
5803,275.53622
5804,205.54697
5805,426.22278
5806,349.68
5807,277.93826
5808,349.7632
5809,426.22278
5810,56.82924
5811,261.80682
5812,120.399956
5813,87.9758
5814,45.1599
5815,45.051487
5816,85.62268
5817,42.48313
5818,102.87767
5819,123.32141
5820,176.95825
5821,325.88367
5822,107.64361
5823,112.93235
5824,65.95508
5825,68.59348
5826,130.39836
5827,118.03609
5828,202.74776
5829,67.911766
5830,105.10658
5831,67.4239
5832,359.31558
5833,386.00345
5834,283.56555
5835,359.31558
5836,146.46149
5837,371.56494
5838,267.13834
5839,120.28719
5840,75.998726
5841,84.45443
5842,43.29895
5843,43.293354
5844,133.97243
5845,425.1723
5846,137.37543
5847,132.1666
5848,82.52531
5849,294.3715
5850,379.11298
5851,260.13422
5852,199.08383
5853,407.31595
5854,329.44693
5855,269.5525
5856,331.5723
5857,407.31595
5858,391.85895
5859,429.18362
5860,309.67084
5861,420.45142
5862,429.18362
5863,429.37317
5864,281.17212
5865,315.7382
5866,424.1928
5867,337.70352
5868,145.12416
5869,97.27341
5870,79.35333
5871,107.78023
5872,112.79372
5873,145.08955
5874,96.87093
5875,101.88397
5876,127.26276
5877,75.60085
5878,123.76082
5879,230.84935
5880,179.31194
5881,261.9924
5882,62.376923
5883,129.22772
5884,132.14883
5885,239.72586
5886,208.4876
5887,108.37185
5888,252.18147
5889,78.10624
5890,159.21754
5891,100.75087
5892,102.884
5893,174.59482
5894,97.3334
5895,175.62318
5896,164.66841
5897,107.83122
5898,182.84149
5899,151.613
5900,163.26857
5901,114.52681
5902,110.44292
5903,157.22858
5904,242.77116
5905,74.28379
5906,111.43616
5907,106.81081
5908,113.17408
5909,168.16637
5910,113.78423
5911,119.20369
5912,110.0115
5913,91.59921
5914,197.53746
5915,54.567177
5916,108.49687
5917,93.521805
5918,135.21648
5919,64.94112
5920,65.33945
5921,73.50218
5922,326.46817
5923,343.03958
5924,307.16852
5925,363.70053
5926,451.09012
5927,472.34204
5928,335.2692
5929,385.86212
5930,436.567
5931,376.1166
5932,282.50232
5933,89.343575
5934,311.78055
5935,451.11444
5936,440.2414
5937,461.76407
5938,163.10742
5939,158.36526
5940,426.2612
5941,440.2414
5942,301.48627
5943,86.92113
5944,96.66108
5945,116.89942
5946,180.07814
5947,327.9512
5948,114.274895
5949,151.63731
5950,86.46512
5951,108.05662
5952,77.311165
5953,92.21697
5954,99.90592
5955,154.28061
5956,90.65145
5957,112.369194
5958,261.03595
5959,81.9867
5960,255.41145
5961,449.01364
5962,414.76767
5963,454.04312
5964,143.68011
5965,134.93701
5966,418.7609
5967,414.76767
5968,290.03427
5969,83.49682
5970,151.9316
5971,154.591
5972,252.79501
5973,171.28113
5974,101.745705
5975,156.53929
5976,192.67447
5977,155.6753
5978,125.01176
5979,87.49043
5980,108.26839
5981,82.373314
5982,93.79678
5983,76.82289
5984,123.46174
5985,229.58582
5986,355.15247
5987,80.428085
5988,39.894863
5989,91.18669
5990,44.340206
5991,48.69446
5992,249.14937
5993,165.69345
5994,99.48331
5995,166.22943
5996,199.29848
5997,156.4035
5998,98.44186
5999,74.48952
6000,102.306
6001,79.51829
6002,91.67205
6003,125.11522
6004,406.38107
6005,139.59674
6006,139.59674
6007,74.860374
6008,283.96213
6009,412.1159
6010,241.56723
6011,236.8296
6012,389.33582
6013,377.20322
6014,224.55533
6015,403.15283
6016,389.33582
6017,105.82432
6018,70.115776
6019,129.41394
6020,50.57916
6021,105.216805
6022,69.03357
6023,49.222572
6024,91.12818
6025,101.12688
6026,82.29806
6027,114.00206
6028,243.16508
6029,322.82462
6030,54.517464
6031,235.76169
6032,110.15648
6033,170.87619
6034,117.410576
6035,127.79326
6036,84.87222
6037,126.25487
6038,194.7564
6039,168.31084
6040,259.1528
6041,263.2827
6042,156.59297
6043,157.52649
6044,71.75987
6045,121.02385
6046,226.89182
6047,340.16364
6048,380.58627
6049,421.59473
6050,352.67053
6051,149.83374
6052,242.78275
6053,96.42451
6054,184.92719
6055,92.513824
6056,361.51297
6057,189.39043
6058,372.29633
6059,128.22389
6060,399.09164
6061,143.66531
6062,123.83514
6063,75.76148
6064,268.92868
6065,419.99014
6066,250.22353
6067,230.11531
6068,386.7747
6069,389.32077
6070,213.90916
6071,416.09848
6072,386.7747
6073,222.94194
6074,87.83621
6075,301.99216
6076,443.03992
6077,355.40775
6078,381.17416
6079,168.3179
6080,175.60266
6081,416.86444
6082,355.40775
6083,301.6387
6084,86.79559
6085,116.97403
6086,160.73978
6087,156.0265
6088,151.75282
6089,168.33043
6090,158.20715
6091,218.74257
6092,68.23171
6093,73.20327
6094,144.0373
6095,241.97327
6096,98.830826
6097,162.45541
6098,277.74496
6099,87.950714
6100,301.75162
6101,438.66852
6102,436.352
6103,448.41156
6104,164.62555
6105,157.56473
6106,416.27667
6107,436.352
6108,292.60858
6109,84.57065
6110,186.328
6111,163.41328
6112,158.24933
6113,130.6227
6114,116.63561
6115,191.31586
6116,294.71982
6117,71.08917
6118,146.03755
6119,116.16151
6120,146.25882
6121,152.39218
6122,96.74782
6123,102.29029
6124,123.29625
6125,104.60614
6126,187.84688
6127,92.722275
6128,333.63803
6129,111.1196
6130,221.57088
6131,426.37158
6132,455.4841
6133,333.8252
6134,450.89444
6135,455.4841
6136,451.55304
6137,301.89124
6138,340.8818
6139,451.0568
6140,363.82925
6141,114.543686
6142,140.8841
6143,57.974667
6144,70.973
6145,206.31514
6146,111.00706
6147,81.410065
6148,135.31252
6149,132.48221
6150,65.52368
6151,120.38445
6152,179.61221
6153,331.20126
6154,261.1312
6155,163.52678
6156,168.32504
6157,120.47817
6158,196.16347
6159,152.19508
6160,152.3318
6161,131.09381
6162,112.76339
6163,190.52184
6164,294.1798
6165,77.30929
6166,136.75558
6167,68.54758
6168,107.589935
6169,153.31075
6170,165.96466
6171,97.95138
6172,93.57877
6173,66.435455
6174,62.73164
6175,122.16146
6176,104.35898
6177,168.06471
6178,64.1384
6179,98.30934
6180,55.632595
6181,65.53346
6182,113.55885
6183,210.88564
6184,320.86438
6185,290.10828
6186,152.20685
6187,180.4696
6188,134.03377
6189,164.0948
6190,125.37734
6191,128.8595
6192,70.68023
6193,113.35836
6194,196.90024
6195,175.80415
6196,315.2413
6197,290.57248
6198,168.43906
6199,182.1178
6200,97.17962
6201,58.523727
6202,120.415115
6203,45.7812
6204,100.920845
6205,113.58003
6206,99.15724
6207,167.52975
6208,110.404
6209,110.294395
6210,114.643845
6211,100.62316
6212,197.00374
6213,383.08047
6214,406.75076
6215,305.1565
6216,383.08047
6217,172.9568
6218,372.5446
6219,288.02707
6220,144.53665
6221,83.25526
6222,237.01138
6223,173.24197
6224,88.51491
6225,143.2363
6226,189.30078
6227,150.89438
6228,117.79453
6229,85.36036
6230,119.34127
6231,87.65919
6232,101.524414
6233,167.30104
6234,125.90359
6235,129.31987
6236,73.27137
6237,117.675964
6238,211.5316
6239,183.7645
6240,312.84058
6241,296.19504
6242,167.88666
6243,191.89429
6244,443.1333
6245,486.50714
6246,330.8059
6247,415.37628
6248,486.50714
6249,472.25375
6250,311.2437
6251,342.79837
6252,489.90195
6253,353.83347
6254,286.64722
6255,171.94781
6256,184.0595
6257,141.03424
6258,107.56854
6259,68.7992
6260,120.211395
6261,49.20191
6262,126.71668
6263,134.87852
6264,234.70248
6265,121.526375
6266,218.8203
6267,185.37798
6268,82.142136
6269,204.13994
6270,92.83243
6271,47.48784
6272,43.451447
6273,346.5259
6274,370.16946
6275,256.5827
6276,346.5259
6277,158.21152
6278,356.55643
6279,225.62617
6280,151.26791
6281,73.34075
6282,142.50706
6283,100.97977
6284,107.414825
6285,185.10945
6286,85.1063
6287,174.14168
6288,135.80074
6289,96.082115
6290,83.69213
6291,122.186104
6292,252.57982
6293,326.9416
6294,141.6691
6295,444.93768
6296,147.36307
6297,133.7364
6298,83.80998
6299,251.84105
6300,321.7315
6301,265.1473
6302,221.94373
6303,417.7553
6304,406.00397
6305,256.06506
6306,399.82346
6307,417.7553
6308,65.31235
6309,117.29776
6310,180.8308
6311,321.90186
6312,223.44928
6313,169.77359
6314,271.78854
6315,65.1956
6316,131.13501
6317,132.42998
6318,245.44426
6319,190.71562
6320,110.176445
6321,248.2572
6322,80.13019
6323,233.93958
6324,83.96371
6325,270.12338
6326,422.55353
6327,380.45255
6328,359.43707
6329,173.09021
6330,178.40985
6331,409.56308
6332,380.45255
6333,302.0008
6334,85.35364
6335,81.776955
6336,341.7636
6337,142.91292
6338,207.52797
6339,57.358536
6340,264.41702
6341,121.74817
6342,81.28245
6343,35.541332
6344,35.927094
6345,47.75259
6346,79.048676
6347,113.80833
6348,132.94469
6349,66.131874
6350,65.95508
6351,67.22134
6352,60.13425
6353,247.88495
6354,122.09484
6355,125.38876
6356,70.29119
6357,138.90512
6358,345.47577
6359,357.3547
6360,328.50024
6361,135.89156
6362,220.47113
6363,86.58118
6364,175.19904
6365,78.42435
6366,330.38184
6367,176.2771
6368,344.21423
6369,131.76764
6370,418.80762
6371,147.64145
6372,135.90237
6373,80.974594
6374,283.99884
6375,444.17963
6376,260.60712
6377,242.79362
6378,408.00214
6379,392.36865
6380,229.13173
6381,418.74313
6382,408.00214
6383,100.59107
6384,63.03539
6385,126.60531
6386,49.314804
6387,71.453186
6388,68.37672
6389,115.63054
6390,75.35162
6391,72.574295
6392,88.64758
6393,75.15025
6394,71.453186
6395,64.76225
6396,81.79252
6397,281.71942
6398,274.42877
6399,321.39096
6400,130.90442
6401,214.51714
6402,80.77052
6403,182.04036
6404,69.860275
6405,246.15407
6406,166.49304
6407,274.24603
6408,129.3615
6409,62.97038
6410,97.90104
6411,226.69574
6412,149.2992
6413,167.2701
6414,149.2992
6415,100.140915
6416,57.095615
6417,118.953
6418,44.717556
6419,283.86725
6420,89.60409
6421,310.879
6422,451.63055
6423,443.40958
6424,460.93253
6425,164.26923
6426,160.03755
6427,427.26117
6428,443.40958
6429,302.10883
6430,87.36587
6431,53.53415
6432,88.645424
6433,130.94368
6434,134.32751
6435,74.392685
6436,70.78644
6437,70.39621
6438,142.88818
6439,93.30132
6440,115.789055
6441,164.16249
6442,101.807625
6443,176.8787
6444,145.25293
6445,104.44675
6446,155.29288
6447,97.079994
6448,101.81894
6449,172.01555
6450,93.45436
6451,173.83878
6452,153.1135
6453,101.968346
6454,147.16765
6455,131.91463
6456,227.89217
6457,108.62204
6458,212.83546
6459,179.0919
6460,80.6726
6461,196.40157
6462,123.472984
6463,132.1291
6464,230.80455
6465,114.655
6466,210.69527
6467,179.66121
6468,80.99692
6469,199.1747
6470,101.0102
6471,111.90901
6472,59.570053
6473,60.2886
6474,133.99632
6475,119.42495
6476,186.945
6477,59.584938
6478,107.82593
6479,57.83705
6480,112.44348
6481,116.27633
6482,58.903923
6483,71.90956
6484,126.39661
6485,124.08156
6486,187.51468
6487,56.94151
6488,106.36994
6489,61.946007
6490,115.89345
6491,143.81013
6492,83.216515
6493,63.920185
6494,198.0869
6495,120.152824
6496,74.25199
6497,135.5629
6498,145.48639
6499,119.119255
6500,146.04431
6501,67.42287
6502,72.813644
6503,211.13748
6504,116.88125
6505,82.453835
6506,138.97092
6507,138.11125
6508,250.3954
6509,80.907364
6510,246.648
6511,441.55093
6512,418.60858
6513,445.2694
6514,137.80373
6515,130.86284
6516,407.69818
6517,418.60858
6518,290.01437
6519,82.73433
6520,251.99144
6521,85.76922
6522,261.5297
6523,403.36667
6524,367.51233
6525,416.7782
6526,158.9976
6527,153.18944
6528,380.29294
6529,367.51233
6530,258.85873
6531,83.6303
6532,282.89984
6533,86.60455
6534,305.728
6535,436.9808
6536,435.97202
6537,437.94098
6538,163.09349
6539,151.05614
6540,416.67783
6541,435.97202
6542,295.59848
6543,87.17141
6544,172.41078
6545,136.85362
6546,135.0825
6547,75.66801
6548,121.17312
6549,216.59781
6550,180.4025
6551,338.47058
6552,309.00235
6553,182.91928
6554,196.69632
6555,134.52437
6556,431.92444
6557,138.95018
6558,133.51218
6559,81.0856
6560,305.6732
6561,359.37674
6562,273.85986
6563,205.5754
6564,435.45822
6565,357.0139
6566,272.82224
6567,347.9809
6568,435.45822
6569,215.22697
6570,86.44026
6571,313.53693
6572,447.5494
6573,377.8394
6574,382.58994
6575,175.27274
6576,177.55684
6577,424.33826
6578,377.8394
6579,322.63684
6580,85.495026
6581,106.447876
6582,135.17032
6583,142.1724
6584,130.91115
6585,159.8097
6586,137.68143
6587,215.1179
6588,68.52539
6589,66.702126
6590,119.67892
6591,223.09412
6592,85.971695
6593,155.93347
6594,165.99751
6595,130.39331
6596,126.49217
6597,75.645355
6598,123.28943
6599,211.64268
6600,165.09627
6601,285.16544
6602,261.05637
6603,173.39801
6604,186.6232
6605,134.55336
6606,437.7577
6607,145.50421
6608,123.88504
6609,82.74396
6610,290.79315
6611,430.33737
6612,264.84418
6613,217.35432
6614,417.4188
6615,388.205
6616,219.33008
6617,414.0496
6618,417.4188
6619,157.77533
6620,97.89264
6621,109.20708
6622,175.15201
6623,119.654205
6624,187.23529
6625,152.1633
6626,98.976265
6627,284.5907
6628,149.58281
6629,174.36186
6630,129.03954
6631,366.9723
6632,378.23596
6633,265.46725
6634,366.9723
6635,162.0483
6636,360.93335
6637,214.90977
6638,153.90727
6639,81.44113
6640,237.07841
6641,159.43217
6642,178.6081
6643,159.43217
